BAS_DD,ISU_CD,ISU_NM,MKTCAP,fiscal_year,source,revenue_krw,operating_profit_krw,net_income_krw,assets_krw,liabilities_krw,equity_krw,debt_ratio_pct,net_income_to_yearend_equity_pct,dart_status
20261007,000020,동화약품,156695546700,2025,OpenDART annual CFS or OFS,496394309778,256752681,3842369985,642168098413,240728435023,401439663390,59.97,0.96,000
20261007,226320,잇츠한불,257888744400,2025,OpenDART annual CFS or OFS,153387097887,19214878133,32603463204,535717320063,29424024453,506293295610,5.81,6.44,000
20261007,009070,KCTC,125250000000,2025,OpenDART annual CFS or OFS,986704713638,38817769669,23308739558,791695946689,457345351296,334350595393,136.79,6.97,000
20261007,274090,켄코아에어로스페이스,171488877150,2025,OpenDART annual CFS or OFS,76394211868,,-15474539697,232802780468,72452221673,160350558795,45.18,-9.65,000
20261007,488900,비츠로넥스텍,315843228700,2025,OpenDART annual CFS or OFS,36790989927,-7364263584,-6596724887,113784541586,54831242363,58953299223,93.01,-11.19,000
20261007,003350,한국화장품제조,381367800000,2025,OpenDART annual CFS or OFS,184628302893,,27372880025,198737392563,94051470239,104685922324,89.84,26.15,000
20261007,131030,옵투스제약,113291107800,2025,OpenDART annual CFS or OFS,87161378628,8875109028,11357810363,191056547070,26050949014,165005598056,15.79,6.88,000
20261007,018670,SK가스,2507330502000,2025,OpenDART annual CFS or OFS,7676318981997,442831411929,233818515354,8031885593897,4887336598401,3144548995496,155.42,7.44,000
20261007,041960,코미팜,820800211000,2025,OpenDART annual CFS or OFS,52465294279,1960455812,-8027820338,133915480942,61858301745,72057179197,85.85,-11.14,000
20261007,284740,쿠쿠홈시스,558689517000,2025,OpenDART annual CFS or OFS,1121342626136,169362970577,134319541308,1580152868881,313829152805,1266323716076,24.78,10.61,000
20261007,008930,한미사이언스,3973549055000,2025,OpenDART annual CFS or OFS,1356957532846,138727168534,117709205494,1489047152886,529854025529,959193127357,55.24,12.27,000
20261007,142210,유니트론텍,144429764880,2025,OpenDART annual CFS or OFS,768974453691,32268544768,11833735551,339823769537,194751990426,145071779111,134.25,8.16,000
20261007,013990,아가방컴퍼니,172659564000,2025,OpenDART annual CFS or OFS,189078048828,13987123318,10636507683,,,,,,000
20261007,004700,조광피혁,442167677000,2025,OpenDART annual CFS or OFS,97880064978,8789865516,11541573362,,,,,,000
20261007,001360,삼성제약,135028421286,2025,OpenDART annual CFS or OFS,,-18068418610,11545101570,167437187130,46392295495,121044891635,38.33,9.54,000
20261007,066575,LG전자우,1266261736300,2025,OpenDART annual CFS or OFS,,,,,,,,,no_corp_code
20261007,033100,제룡전기,789467402350,2025,OpenDART annual CFS or OFS,224017012923,67027203234,58712438931,266912013218,27567533992,239344479226,11.52,24.53,000
20261007,009290,광동제약,343618675200,2025,OpenDART annual CFS or OFS,1659512457700,31045848005,21328798564,1320329495616,608533108468,711796387148,85.49,3.0,000
20261007,053610,프로텍,726300000000,2025,OpenDART annual CFS or OFS,230542705719,46306851990,35376620336,442823095798,88723394171,354099701627,25.06,9.99,000
20261007,038290,마크로젠,135192258000,2025,OpenDART annual CFS or OFS,195267890603,181079257,-201666165,351624587019,179316838104,172307748915,104.07,-0.12,000
20261007,259630,엠플러스,126257350680,2025,OpenDART annual CFS or OFS,184211329846,24565260931,20634057074,241385473368,139409836499,101975636869,136.71,20.23,000
20261007,260970,에스앤디,181954226600,2025,OpenDART annual CFS or OFS,150937281130,23006354812,20607893261,108902343086,22662780452,86239562634,26.28,23.9,000
20261007,136540,윈스테크넷,135077206000,2025,OpenDART annual CFS or OFS,98597670521,21158874065,18409531397,209972293944,24782173028,185190120916,13.38,9.94,000
20261007,053800,안랩,864529516200,2025,OpenDART annual CFS or OFS,267656916942,33276653034,51495359406,487574291112,111306586418,376267704694,29.58,13.69,000
20261007,102460,이연제약,190328944640,2025,OpenDART annual CFS or OFS,145928626140,-30268572134,-29633118376,465099644104,244826766579,220272877525,111.15,-13.45,000
20261007,025000,KPX케미칼,242998671000,2025,OpenDART annual CFS or OFS,808350805037,27395676155,51636895681,875368968863,210050314690,665318654173,31.57,7.76,000
20261007,012750,에스원,3184331116400,2025,OpenDART annual CFS or OFS,2889412422255,234566491629,178563436607,2431985312121,675654511326,1756330800795,38.47,10.17,000
20261007,256840,한국비엔씨,224677200510,2025,OpenDART annual CFS or OFS,95899224534,1630469768,2046628725,277985647693,38449580498,239536067195,16.05,0.85,000
20261007,007660,이수페타시스,8955924718000,2025,OpenDART annual CFS or OFS,1088025119176,204724531402,160482561697,1289510030680,533312849236,756197181444,70.53,21.22,000
20261007,012860,모베이스전자,180154304220,2025,OpenDART annual CFS or OFS,1044088716546,36789097140,20793712795,774874072694,523763089718,251110982976,208.58,8.28,000
