BAS_DD,MARKET,ISU_CD,ISU_NM,TDD_CLSPRC,ACC_TRDVOL,MKTCAP,MA5,MA10,VOL20,거래량20일배수,상태
20261007,KOSDAQ,105330,케이엔더블유,8970,9194587,143695094400,8644.0,8344.0,496983.35,18.5,상승추세_유지
20261007,KOSPI,128820,대성산업,5000,6992816,226177390000,4309.0,4176.5,479762.6,14.58,상승추세_유지
20261007,KOSDAQ,141000,비아트론,11990,2812021,145255372900,11166.0,10284.0,193587.7,14.53,상승추세_유지
20261007,KOSDAQ,419530,SAMG엔터,22800,853697,232727283600,19034.0,18213.0,86236.55,9.9,상승추세_유지
20261007,KOSDAQ,372320,큐로셀,26500,206383,403519528000,23340.0,22310.0,31123.7,6.63,상승추세_유지
20261007,KOSDAQ,372170,윤성에프앤씨,23550,85992,187906580400,22070.0,21032.0,13512.05,6.36,상승추세_유지
20261007,KOSPI,003000,부광약품,4270,2523490,421298145170,4139.0,4056.0,402564.6,6.27,상승추세_유지
20261007,KOSPI,000020,동화약품,5610,2421088,156695546700,5274.0,5155.0,465206.3,5.2,상승추세_유지
20261007,KOSPI,090350,노루페인트,8350,155160,167000000000,8096.0,7954.0,34146.25,4.54,상승추세_유지
20261007,KOSPI,271980,제일약품,10330,86064,151901327760,10076.0,10011.0,19310.55,4.46,상승추세_유지
20261007,KOSPI,281820,케이씨텍,123000,1122531,2435235303000,100560.0,92020.0,256601.45,4.37,상승추세_유지
20261007,KOSPI,137310,에스디바이오센서,6850,509595,827131348700,6412.0,6260.0,123169.55,4.14,상승추세_유지
20261007,KOSPI,248070,솔루엠,17580,918495,840609428880,15984.0,14490.0,236814.9,3.88,상승추세_유지
20261007,KOSPI,006120,SK디스커버리,71900,123976,1252048696900,67580.0,64060.0,34131.2,3.63,상승추세_유지
20261007,KOSDAQ,389470,인벤티지랩,29950,402634,398565854600,28190.0,26375.0,114573.9,3.51,상승추세_유지
20261007,KOSDAQ,047920,HLB제약,12570,4144391,547570418160,11702.0,10265.0,1193911.75,3.47,상승추세_유지
20261007,KOSDAQ,000250,삼천당제약,241000,456608,5653250752000,212240.0,187980.0,138325.25,3.3,상승추세_유지
20261007,KOSDAQ,274090,켄코아에어로스페이스,12450,4585198,171488877150,12932.0,12785.0,1443009.9,3.18,상승추세_유지
20261007,KOSDAQ,411080,샌즈랩,8500,7967501,129774923000,7502.0,6951.0,2592225.2,3.07,상승추세_유지
20261007,KOSDAQ,096530,씨젠,38900,955566,1817968237800,37160.0,35610.0,313272.05,3.05,상승추세_유지
20261007,KOSDAQ,382800,지앤비에스 에코,6880,3492269,218997562080,6390.0,5834.0,1144033.6,3.05,상승추세_유지
20261007,KOSDAQ,131030,옵투스제약,6420,103139,113291107800,6308.0,6075.0,36287.35,2.84,상승추세_유지
20261007,KOSPI,003350,한국화장품제조,16830,5829553,381367800000,15868.0,15627.0,2065696.35,2.82,상승추세_유지
20261007,KOSDAQ,041960,코미팜,11000,731843,820800211000,10190.0,9999.0,261604.25,2.8,상승추세_유지
20261007,KOSDAQ,018290,브이티,13700,504237,478703180600,12750.0,12142.0,181005.55,2.79,상승추세_유지
20261007,KOSPI,284740,쿠쿠홈시스,24900,35999,558689517000,24570.0,24265.0,13448.2,2.68,상승추세_유지
20261007,KOSDAQ,219130,타이거일렉,98000,125500,618800420000,93200.0,87330.0,47357.7,2.65,상승추세_유지
20261007,KOSDAQ,176750,듀켐바이오,7800,204643,222212016000,7270.0,6865.0,78033.95,2.62,상승추세_유지
20261007,KOSDAQ,142210,유니트론텍,6960,451250,144429764880,6740.0,6492.0,172727.95,2.61,상승추세_유지
20261007,KOSPI,008930,한미사이언스,58100,702637,3973549055000,55300.0,53470.0,271291.75,2.59,상승추세_유지
20261007,KOSDAQ,126700,하이비젼시스템,12430,98244,185730452160,11808.0,11284.0,39899.35,2.46,상승추세_유지
20261007,KOSDAQ,013990,아가방컴퍼니,5250,200423,172659564000,5202.0,5006.5,81814.85,2.45,상승추세_유지
20261007,KOSPI,066570,LG전자,208000,1824551,33880004704000,216100.0,213650.0,766988.95,2.38,상승추세_유지
20261007,KOSDAQ,099320,쎄트렉아이,75200,137957,823536105600,78780.0,78330.0,58136.95,2.37,상승추세_유지
20261007,KOSDAQ,115450,HLB테라퓨틱스,2930,1701738,277422051420,2659.0,2440.4,720737.15,2.36,상승추세_유지
20261007,KOSDAQ,251370,와이엠티,10130,287710,182473847690,9338.0,8559.0,122553.8,2.35,상승추세_유지
20261007,KOSDAQ,272110,케이엔제이,32650,201868,262029146750,32040.0,30925.0,87152.3,2.32,상승추세_유지
20261007,KOSDAQ,217190,제너셈,9130,640039,120093837930,8388.0,7959.0,284887.4,2.25,상승추세_유지
20261007,KOSDAQ,439580,블루엠텍,3080,4074774,104247364760,2999.0,2919.0,1809004.25,2.25,상승추세_유지
20261007,KOSDAQ,206640,바디텍메드,9930,59051,217545655530,9738.0,9576.0,26406.3,2.24,상승추세_유지
20261007,KOSPI,066575,LG전자우,73700,166830,1266261736300,75240.0,73560.0,75914.5,2.2,상승추세_유지
20261007,KOSDAQ,033100,제룡전기,49150,160566,789467402350,49080.0,48230.0,73909.6,2.17,상승추세_유지
20261007,KOSPI,009290,광동제약,6900,287649,343618675200,6650.0,6532.0,133738.0,2.15,상승추세_유지
20261007,KOSDAQ,053610,프로텍,80700,81015,726300000000,83560.0,78750.0,37920.15,2.14,상승추세_유지
20261007,KOSDAQ,119610,인터로조,17180,80903,196088173460,16326.0,15381.0,37764.5,2.14,상승추세_유지
20261007,KOSDAQ,038290,마크로젠,12470,29293,135192258000,12502.0,12300.0,14071.0,2.08,상승추세_유지
20261007,KOSPI,002320,한진,16860,74286,261643865760,15808.0,15196.0,35900.05,2.07,상승추세_유지
20261007,KOSDAQ,259630,엠플러스,10330,191714,126257350680,10034.0,9554.0,92761.65,2.07,상승추세_유지
20261007,KOSDAQ,260970,에스앤디,62900,27734,181954226600,60800.0,59120.0,13633.7,2.03,상승추세_유지
20261007,KOSDAQ,468530,프로티나,44000,296850,488626512000,50000.0,48395.0,146929.95,2.02,상승추세_유지
20261007,KOSDAQ,136540,윈스테크넷,11000,31226,135077206000,10870.0,10841.0,15771.3,1.98,상승추세_유지
20261007,KOSPI,005720,넥센,6290,104680,330501615330,6260.0,5854.0,53350.0,1.96,상승추세_유지
20261007,KOSDAQ,084990,헬릭스미스,3945,454762,181836084165,3813.0,3444.5,232271.85,1.96,상승추세_유지
20261007,KOSPI,025000,KPX케미칼,58600,9595,242998671000,57400.0,57190.0,4940.5,1.94,상승추세_유지
20261007,KOSDAQ,053800,안랩,77700,249607,864529516200,79380.0,76240.0,129960.2,1.92,상승추세_유지
20261007,KOSDAQ,037350,성도이엔지,8370,253530,127307700000,8256.0,7949.0,134006.85,1.89,상승추세_유지
20261007,KOSDAQ,340450,지씨지놈,10140,1047932,239819041020,9430.0,8682.0,556277.3,1.88,상승추세_유지
20261007,KOSDAQ,256840,한국비엔씨,3285,9650072,224677200510,3233.0,3112.0,5210159.4,1.85,상승추세_유지
20261007,KOSDAQ,033160,엠케이전자,20250,1846426,497422174500,19132.0,17577.0,1005090.8,1.84,상승추세_유지
20261007,KOSDAQ,251970,펌텍코리아,67200,185167,833280000000,63000.0,61410.0,100820.95,1.84,상승추세_유지
20261007,KOSPI,078520,에이블씨엔씨,11880,154696,296565500880,11150.0,10918.0,84863.2,1.82,상승추세_유지
20261007,KOSDAQ,012860,모베이스전자,2460,888642,180154304220,2431.0,2360.0,491898.15,1.81,상승추세_유지
20261007,KOSPI,234080,JW생명과학,10940,18396,173230020760,11000.0,10987.0,10224.0,1.8,상승추세_유지
20261007,KOSPI,007660,이수페타시스,122000,1381280,8955924718000,122720.0,118600.0,773767.15,1.79,상승추세_유지
20261007,KOSDAQ,039440,에스티아이,24250,193413,376045889750,25040.0,23240.0,107827.45,1.79,상승추세_유지
20261007,KOSDAQ,187870,디바이스,13400,175123,185761144800,12970.0,12154.0,97699.0,1.79,상승추세_유지
20261007,KOSDAQ,003100,선광,20300,11417,133980000000,20510.0,20465.0,6407.3,1.78,상승추세_유지
20261007,KOSDAQ,290650,엘앤씨바이오,58300,407214,1572333743200,54500.0,50555.0,228492.35,1.78,상승추세_유지
20261007,KOSDAQ,105740,디케이락,11320,755411,115107567160,10756.0,9667.0,427761.05,1.77,상승추세_유지
20261007,KOSDAQ,131290,티에스이,316000,259207,3495411564000,302800.0,294350.0,148198.75,1.75,상승추세_유지
20261007,KOSPI,005500,삼진제약,19820,39601,264002400000,19270.0,18916.0,22916.85,1.73,상승추세_유지
20261007,KOSPI,029460,케이씨,47250,64214,520720278750,45120.0,44705.0,37290.45,1.72,상승추세_유지
20261007,KOSPI,036570,NC,237500,209191,5116705225000,228300.0,221000.0,121290.2,1.72,상승추세_유지
20261007,KOSDAQ,147830,제룡산업,7230,193687,144600000000,7216.0,7141.0,112908.25,1.72,상승추세_유지
20261007,KOSDAQ,355150,코스텍시스,24550,222355,191424942500,23600.0,22230.0,129348.2,1.72,상승추세_유지
20261007,KOSDAQ,405100,큐알티,18010,95117,221330311010,16536.0,15323.0,55244.05,1.72,상승추세_유지
20261007,KOSDAQ,236200,슈프리마,54800,46673,382192242800,56860.0,55380.0,27297.65,1.71,상승추세_유지
20261007,KOSDAQ,136480,하림,2665,271540,283048855830,2660.0,2654.5,160127.45,1.7,상승추세_유지
20261007,KOSPI,001250,GS글로벌,3065,948560,252965986660,2973.0,2786.0,565163.4,1.68,상승추세_유지
20261007,KOSPI,026890,스틱인베스트먼트,8250,65070,319859405250,7964.0,7902.0,38796.8,1.68,상승추세_유지
20261007,KOSPI,103590,일진전기,88000,702859,4196314320000,85500.0,82170.0,417949.2,1.68,상승추세_유지
20261007,KOSPI,002960,한국쉘석유,541000,1476,703300000000,526000.0,520800.0,895.25,1.65,상승추세_유지
20261007,KOSDAQ,053350,이니텍,4850,108040,106802165250,4789.0,4703.5,65901.15,1.64,상승추세_유지
20261007,KOSDAQ,448280,에코아이,9640,12224,285644083560,9464.0,9382.0,7598.0,1.61,상승추세_유지
20261007,KOSDAQ,0017J0,세미티에스,3370,1198272,101609008170,3109.0,2817.5,750253.6,1.6,상승추세_유지
20261007,KOSDAQ,475960,토모큐브,34500,66040,464928003000,35330.0,32255.0,41761.15,1.58,상승추세_유지
20261007,KOSPI,001780,알루코,1669,395726,161609490308,1619.8,1585.1,251362.05,1.57,상승추세_유지
20261007,KOSDAQ,037030,파워넷,3950,686058,100776318400,3914.0,3791.0,437266.05,1.57,상승추세_유지
20261007,KOSDAQ,214370,케어젠,44500,99099,2390317500000,42830.0,41540.0,63206.2,1.57,상승추세_유지
20261007,KOSPI,011070,LG이노텍,591000,325129,13987260237000,591400.0,571600.0,208600.25,1.56,상승추세_유지
20261007,KOSPI,000500,가온전선,306500,498458,9126836545500,319100.0,316900.0,323168.4,1.54,상승추세_유지
20261007,KOSDAQ,416180,신성에스티,27850,56165,251757817300,26540.0,25650.0,36449.6,1.54,상승추세_유지
20261007,KOSPI,007570,일양약품,8100,24989,154593878400,8074.0,7975.0,16398.55,1.52,상승추세_유지
20261007,KOSDAQ,036930,주성엔지니어링,247500,2427490,11504077447500,247300.0,228600.0,1594524.7,1.52,상승추세_유지
20261007,KOSDAQ,330860,네패스아크,31700,355622,386234226500,32100.0,30500.0,234049.3,1.52,상승추세_유지
20261007,KOSDAQ,451760,컨텍,8070,237226,133217736180,8428.0,8309.0,156258.2,1.52,상승추세_유지
20261007,KOSPI,011930,신성이엔지,19640,320671,398813414480,19222.0,18156.0,215213.4,1.49,상승추세_유지
20261007,KOSDAQ,418550,제이오,5340,89348,170974373820,5158.0,4989.0,59890.5,1.49,상승추세_유지
20261007,KOSDAQ,104830,원익머트리얼즈,41000,112546,516928000000,41230.0,38585.0,76129.25,1.48,상승추세_유지
20261007,KOSDAQ,006620,동구바이오제약,3600,67876,102473971200,3548.0,3525.0,46320.95,1.47,상승추세_유지
20261007,KOSDAQ,086450,동국제약,22700,644655,1026730534000,22160.0,21620.0,438339.8,1.47,상승추세_유지
20261007,KOSDAQ,089010,켐트로닉스,28450,239156,477107268150,27890.0,25990.0,163024.3,1.47,상승추세_유지
20261007,KOSDAQ,100120,뷰웍스,29450,24147,264208053950,28540.0,27205.0,16391.4,1.47,상승추세_유지
20261007,KOSDAQ,101490,에스앤에스텍,53400,425941,1139282538600,51490.0,47625.0,290433.25,1.47,상승추세_유지
20261007,KOSPI,195870,해성디에스,64700,262563,1099900000000,65020.0,62530.0,178342.95,1.47,상승추세_유지
20261007,KOSDAQ,290720,푸드나무,3370,100108,128563050010,3133.0,3042.0,67990.85,1.47,상승추세_유지
20261007,KOSDAQ,361390,제노코,12770,44156,124333585370,13226.0,13089.0,30083.95,1.47,상승추세_유지
20261007,KOSDAQ,078160,메디포스트,9990,64673,391653983970,9696.0,9362.0,45002.1,1.44,상승추세_유지
20261007,KOSDAQ,086390,유니테스트,14590,305931,308346898340,14832.0,13870.0,211750.15,1.44,상승추세_유지
20261007,KOSPI,139130,iM금융지주,18000,573194,2850541344000,18422.0,18383.0,397591.4,1.44,상승추세_유지
20261007,KOSDAQ,140860,파크시스템스,308000,44388,2156760452000,297400.0,278800.0,30866.6,1.44,상승추세_유지
20261007,KOSPI,062040,산일전기,231500,417822,7093819775000,223900.0,214200.0,293178.15,1.43,상승추세_유지
20261007,KOSDAQ,080220,제주반도체,84700,2033028,2917307955100,87440.0,81720.0,1426128.0,1.43,상승추세_유지
20261007,KOSDAQ,084370,유진테크,169000,261456,3872811098000,175880.0,165500.0,183198.45,1.43,상승추세_유지
20261007,KOSDAQ,222080,SFA넥셀,8460,654824,658020018240,8300.0,7936.0,456939.3,1.43,상승추세_유지
20261007,KOSDAQ,102940,코오롱생명과학,14740,66651,192955488220,14526.0,14236.0,46864.55,1.42,상승추세_유지
20261007,KOSDAQ,0088M0,메쥬,14940,170044,147633345000,14524.0,13935.0,121385.75,1.4,상승추세_유지
20261007,KOSPI,025560,미래산업,7910,695487,219729342980,8282.0,7515.0,495017.4,1.4,상승추세_유지
20261007,KOSDAQ,078600,대주전자재료,112000,210417,1758863456000,104580.0,96750.0,150461.0,1.4,상승추세_유지
20261007,KOSPI,003580,HLB글로벌,2030,980647,102846915150,1941.0,1854.0,705226.25,1.39,상승추세_유지
20261007,KOSDAQ,009780,엠에스씨,7480,17836,131648000000,7324.0,7040.0,12841.0,1.39,상승추세_유지
20261007,KOSDAQ,069080,웹젠,12110,111370,375005223250,11808.0,11585.0,80942.7,1.38,상승추세_유지
20261007,KOSDAQ,078130,국일제지,3800,114872,428414230600,3667.0,3572.5,82991.15,1.38,상승추세_유지
20261007,KOSDAQ,144510,지씨셀,15120,59072,238901201280,14662.0,14427.0,42687.4,1.38,상승추세_유지
20261007,KOSDAQ,168360,펨트론,15890,192483,355817730730,15494.0,14791.0,139322.35,1.38,상승추세_유지
20261007,KOSPI,178920,PI첨단소재,20350,48859,597604652700,19898.0,19206.0,35306.6,1.38,상승추세_유지
20261007,KOSPI,214390,경보제약,5500,24927,131487730000,5422.0,5394.0,18102.75,1.38,상승추세_유지
20261007,KOSDAQ,319660,피에스케이,137200,509212,3974233160800,150720.0,145600.0,369787.05,1.38,상승추세_유지
20261007,KOSDAQ,037070,파세코,6810,82058,136200000000,6734.0,6616.0,59820.35,1.37,상승추세_유지
20261007,KOSPI,097950,CJ제일제당,182500,65837,2747388945000,179780.0,178190.0,47935.9,1.37,상승추세_유지
20261007,KOSPI,030190,NICE평가정보,16850,83773,981828285850,16282.0,16042.0,61384.1,1.36,상승추세_유지
20261007,KOSPI,161000,애경케미칼,10820,206353,526379031380,10710.0,10354.0,151944.65,1.36,상승추세_유지
20261007,KOSDAQ,417500,제이아이테크,4715,486789,154580067960,4413.0,4206.0,356980.05,1.36,상승추세_유지
20261007,KOSDAQ,064850,에프앤가이드,20450,50678,233341289400,20560.0,20156.0,37581.1,1.35,상승추세_유지
20261007,KOSPI,011690,와이투솔루션,3720,218821,136519394640,3657.0,3513.0,166308.9,1.32,상승추세_유지
20261007,KOSDAQ,068790,DMS,8230,69096,182575340520,8116.0,7935.0,52314.1,1.32,상승추세_유지
20261007,KOSDAQ,314130,지놈앤컴퍼니,5320,866590,278232941000,5438.0,4938.0,657871.25,1.32,상승추세_유지
20261007,KOSPI,302440,SK바이오사이언스,38000,82432,2981349014000,36930.0,36415.0,62783.35,1.31,상승추세_유지
20261007,KOSDAQ,304360,에스바이오메딕스,23450,35604,292682451600,22020.0,21180.0,27280.2,1.31,상승추세_유지
20261007,KOSDAQ,042000,카페24,22550,386097,545217710950,21206.0,19180.0,300348.0,1.29,상승추세_유지
20261007,KOSPI,093050,LF,23700,31332,692988000000,23400.0,22540.0,24521.0,1.28,상승추세_유지
20261007,KOSDAQ,450950,아스테라시스,6120,73289,230280863040,6258.0,5818.0,57083.8,1.28,상승추세_유지
20261007,KOSDAQ,031980,피에스케이홀딩스,204000,243032,4398728580000,193440.0,180630.0,191474.4,1.27,상승추세_유지
20261007,KOSDAQ,235980,메드팩토,3065,141230,105053245865,2970.0,2889.0,110851.55,1.27,상승추세_유지
20261007,KOSDAQ,425420,티에프이,64800,186935,800097328800,68540.0,65650.0,147444.35,1.27,상승추세_유지
20261007,KOSDAQ,445090,에이직랜드,22750,30044,248558719500,22640.0,22185.0,23679.7,1.27,상승추세_유지
20261007,KOSDAQ,053080,케이엔솔,9320,51935,121158201240,9314.0,9017.0,41132.8,1.26,상승추세_유지
20261007,KOSDAQ,393890,더블유씨피,10320,297041,349261246080,10480.0,10316.0,238047.6,1.25,상승추세_유지
20261007,KOSDAQ,0015G0,그린광학,15270,78376,178697801070,15522.0,15049.0,63017.4,1.24,상승추세_유지
20261007,KOSDAQ,263860,지니언스,23050,705421,209284780000,21374.0,19823.0,571058.6,1.24,상승추세_유지
20261007,KOSPI,015860,일진홀딩스,7160,105870,353327978280,7212.0,7084.0,86195.7,1.23,상승추세_유지
20261007,KOSDAQ,310200,애니플러스,2100,245513,109541955600,2149.0,2048.0,200075.55,1.23,상승추세_유지
20261007,KOSDAQ,060280,큐렉소,8680,242882,358134977200,8650.0,8315.0,199124.5,1.22,상승추세_유지
20261007,KOSDAQ,144960,뉴파워프라즈마,13190,1308711,576305710560,13250.0,12890.0,1071426.85,1.22,상승추세_유지
20261007,KOSDAQ,376300,디어유,18870,81263,447943721220,18732.0,17983.0,66356.95,1.22,상승추세_유지
20261007,KOSDAQ,456160,지투지바이오,44700,264507,743335342200,42210.0,37575.0,216310.05,1.22,상승추세_유지
20261007,KOSDAQ,039030,이오테크닉스,518000,143776,6381526900000,535600.0,508100.0,118562.15,1.21,상승추세_유지
20261007,KOSDAQ,054450,텔레칩스,10160,67655,153865407280,10290.0,10184.0,55983.8,1.21,상승추세_유지
20261007,KOSPI,017860,DS단석,13140,105124,231968750760,12818.0,12535.0,87418.0,1.2,상승추세_유지
20261007,KOSDAQ,017890,한국알콜,16080,87295,332429976480,15884.0,15461.0,72737.75,1.2,상승추세_유지
20261007,KOSDAQ,039860,나노엔텍,4590,370364,174847113270,4577.0,4439.5,307955.6,1.2,상승추세_유지
20261007,KOSDAQ,089890,코세스,32900,252055,545645249800,34840.0,32080.0,210397.2,1.2,상승추세_유지
20261007,KOSDAQ,102710,이엔에프테크놀로지,50200,89153,717249367200,49220.0,47145.0,74197.2,1.2,상승추세_유지
20261007,KOSDAQ,160980,싸이맥스,27550,150614,300962894650,28340.0,27395.0,125627.6,1.2,상승추세_유지
20261007,KOSPI,007810,코리아써키트,88400,720927,2120063608000,82560.0,73890.0,603297.0,1.19,상승추세_유지
20261007,KOSPI,450080,에코프로머티,38250,345809,2708630527500,37540.0,36245.0,289951.3,1.19,상승추세_유지
20261007,KOSDAQ,170920,엘티씨,41400,238128,437354816400,42880.0,40495.0,201319.45,1.18,상승추세_유지
20261007,KOSDAQ,295310,에이치브이엠,72000,219369,903433392000,68660.0,64020.0,186540.0,1.18,상승추세_유지
20261007,KOSPI,383220,F&F,74100,56120,2838554257500,70580.0,69700.0,47667.25,1.18,상승추세_유지
20261007,KOSPI,005420,코스모화학,11470,114976,440542375160,11078.0,10673.0,98520.25,1.17,상승추세_유지
20261007,KOSDAQ,041020,폴라리스오피스,3140,168493,156007110020,3166.0,3113.0,143735.7,1.17,상승추세_유지
20261007,KOSDAQ,388210,씨엠티엑스,89300,72601,862141313400,91860.0,88870.0,62282.3,1.17,상승추세_유지
20261007,KOSDAQ,489500,엘케이켐,23050,19374,147318035900,23860.0,23390.0,16516.1,1.17,상승추세_유지
20261007,KOSDAQ,101360,에코앤드림,8600,71901,152960580400,8614.0,8093.0,61733.35,1.16,상승추세_유지
20261007,KOSPI,006280,녹십자,130500,26923,1525093209000,127220.0,125480.0,23368.75,1.15,상승추세_유지
20261007,KOSPI,021820,세원정공,10470,6396,104700000000,10606.0,10561.0,5578.9,1.15,상승추세_유지
20261007,KOSDAQ,092070,디엔에프,14530,44309,168139096740,14380.0,13708.0,38388.3,1.15,상승추세_유지
20261007,KOSPI,011790,SKC,108200,255399,5366535843600,106100.0,97990.0,224718.35,1.14,상승추세_유지
20261007,KOSPI,454910,두산로보틱스,71200,333575,4615182576000,71900.0,70880.0,292391.3,1.14,상승추세_유지
20261007,KOSDAQ,490470,세미파이브,22750,2129308,774078760000,20754.0,18644.0,1864215.7,1.14,상승추세_유지
20261007,KOSDAQ,058470,리노공업,85200,1083550,6493249620000,82240.0,77500.0,956236.45,1.13,상승추세_유지
20261007,KOSDAQ,131970,두산테스나,109100,435050,2108601665800,107900.0,100860.0,384287.45,1.13,상승추세_유지
20261007,KOSDAQ,067990,도이치모터스,4015,52651,117163923250,3934.0,3871.5,47219.5,1.12,상승추세_유지
20261007,KOSDAQ,299030,하나기술,15580,42344,124560697800,15338.0,14357.0,37875.95,1.12,상승추세_유지
20261007,KOSPI,499790,GS피앤엘,37900,49155,751588873900,38120.0,38035.0,44254.4,1.11,상승추세_유지
20261007,KOSPI,006110,삼아알미늄,66000,178062,998148030000,63880.0,60090.0,162174.45,1.1,상승추세_유지
20261007,KOSDAQ,083500,에프엔에스테크,14770,71326,122685188290,14506.0,13490.0,65658.65,1.09,상승추세_유지
20261007,KOSDAQ,095610,테스,163100,408005,3157616000000,173700.0,166130.0,373104.3,1.09,상승추세_유지
20261007,KOSDAQ,156100,엘앤케이바이오,6780,278386,151540817340,6294.0,6081.0,254830.1,1.09,상승추세_유지
20261007,KOSDAQ,247540,에코프로비엠,124500,409545,12179889033000,118580.0,112300.0,375793.4,1.09,상승추세_유지
20261007,KOSDAQ,092460,한라IMS,17130,14551,293088818400,16912.0,16639.0,13444.0,1.08,상승추세_유지
20261007,KOSPI,097520,엠씨넥스,19170,29557,333586755000,19318.0,18917.0,27449.35,1.08,상승추세_유지
20261007,KOSDAQ,474610,RF시스템즈,8330,98567,120078782600,8374.0,8108.0,91051.8,1.08,상승추세_유지
20261007,KOSDAQ,146320,비씨엔씨,11550,28592,147816010650,11348.0,10906.0,26828.95,1.07,상승추세_유지
20261007,KOSDAQ,163730,핑거,14920,165030,190464497640,14612.0,13627.0,153794.7,1.07,상승추세_유지
20261007,KOSDAQ,354320,알멕,48750,210307,311579823750,45200.0,41890.0,195731.7,1.07,상승추세_유지
20261007,KOSPI,018250,애경산업,11260,19703,297375868100,11194.0,11156.0,18539.95,1.06,상승추세_유지
20261007,KOSDAQ,043260,성호전자,32650,5477695,2463502837200,30230.0,27975.0,5180522.65,1.06,상승추세_유지
20261007,KOSDAQ,064760,티씨케이,285000,74756,3186133560000,299200.0,290200.0,70511.45,1.06,상승추세_유지
20261007,KOSDAQ,086520,에코프로,91900,655664,12477828368800,88380.0,84270.0,621162.3,1.06,상승추세_유지
20261007,KOSDAQ,356860,티엘비,50300,680988,1192173378000,48620.0,45950.0,643235.3,1.06,상승추세_유지
20261007,KOSDAQ,030520,한컴,17530,147309,423870912320,17518.0,17294.0,139895.95,1.05,상승추세_유지
20261007,KOSDAQ,094840,슈프리마에이치큐,13170,17851,129146455530,13194.0,12828.0,16998.05,1.05,상승추세_유지
20261007,KOSDAQ,217730,강스템바이오텍,2215,240776,208329940035,2232.0,2163.0,228437.7,1.05,상승추세_유지
20261007,KOSDAQ,234690,녹십자웰빙,10900,357239,195799861000,10724.0,9935.0,341110.25,1.05,상승추세_유지
20261007,KOSPI,402340,SK스퀘어,1142000,545346,150657205716000,1151400.0,1142500.0,517143.9,1.05,상승추세_유지
20261007,KOSPI,457190,이수스페셜티케미컬,79400,227901,2399378436800,80560.0,72750.0,216142.5,1.05,상승추세_유지
20261007,KOSPI,462520,조선내화,12860,41274,152457460480,12846.0,12757.0,39155.9,1.05,상승추세_유지
20261007,KOSPI,001430,세아베스틸지주,44150,145374,1583312553850,46000.0,45360.0,139824.5,1.04,상승추세_유지
20261007,KOSDAQ,005290,동진쎄미켐,51000,455447,2599476426000,51210.0,48005.0,437295.7,1.04,상승추세_유지
20261007,KOSDAQ,073490,LIG아큐버,33450,54713,254348648700,33920.0,32975.0,52637.4,1.04,상승추세_유지
20261007,KOSPI,077500,유니퀘스트,9770,355160,211032996540,10198.0,9679.0,340439.4,1.04,상승추세_유지
20261007,KOSDAQ,083310,엘오티베큠,12850,101036,228858924050,12410.0,11593.0,96892.65,1.04,상승추세_유지
20261007,KOSDAQ,108860,셀바스AI,8970,218016,241425666300,9010.0,8916.0,208944.85,1.04,상승추세_유지
20261007,KOSDAQ,199800,툴젠,33200,35481,298721282800,35200.0,34690.0,34233.75,1.04,상승추세_유지
20261007,KOSPI,307950,현대오토에버,374000,43839,10256569268000,378800.0,376350.0,41987.6,1.04,상승추세_유지
20261007,KOSPI,009150,삼성전기,1604000,597877,119808688384000,1586800.0,1538300.0,580996.75,1.03,상승추세_유지
20261007,KOSDAQ,041520,이엘씨,12730,17709,155162532900,12868.0,12700.0,17256.35,1.03,상승추세_유지
20261007,KOSDAQ,083930,아바코,12680,31578,186107517320,12596.0,12367.0,30765.45,1.03,상승추세_유지
20261007,KOSDAQ,099430,바이오플러스,3870,170582,238549594140,3749.0,3528.0,165665.2,1.03,상승추세_유지
20261007,KOSDAQ,112040,위메이드,15850,201981,538083455550,15534.0,15377.0,195921.7,1.03,상승추세_유지
20261007,KOSDAQ,174900,앱클론,26900,165163,536712270100,26570.0,23219.0,160487.6,1.03,상승추세_유지
20261007,KOSDAQ,232680,라온로보틱스,10790,109172,143048425000,10838.0,10464.0,106474.3,1.03,상승추세_유지
20261007,KOSDAQ,0009K0,에임드바이오,25900,108074,1687065419900,24860.0,23240.0,106370.9,1.02,상승추세_유지
20261007,KOSDAQ,041920,메디아나,10370,71972,192863572510,10124.0,9597.0,70865.35,1.02,상승추세_유지
20261007,KOSDAQ,042600,새로닉스,11880,22003,147592059120,11870.0,11815.0,21651.4,1.02,상승추세_유지
20261007,KOSDAQ,083450,GST,56200,145214,1035766000000,54360.0,52070.0,141718.95,1.02,상승추세_유지
20261007,KOSDAQ,093520,매커스,28750,17655,342177813750,29410.0,28950.0,17248.6,1.02,상승추세_유지
20261007,KOSDAQ,240810,원익IPS,131100,1200877,6434899421100,137120.0,133210.0,1178225.75,1.02,상승추세_유지
20261007,KOSDAQ,264660,씨앤지하이테크,14660,31880,142512381520,14860.0,14255.0,31152.0,1.02,상승추세_유지
20261007,KOSDAQ,311320,지오엘리먼트,8940,36899,112774166400,8818.0,8588.0,36031.35,1.02,상승추세_유지
20261007,KOSDAQ,455900,엔젤로보틱스,22200,47372,341724178200,21810.0,21540.0,46585.1,1.02,상승추세_유지
20261007,KOSPI,010100,한국무브넥스,3400,49565,103531428000,3430.0,3398.5,48999.1,1.01,상승추세_유지
20261007,KOSDAQ,033640,네패스,31150,253028,718294142300,31150.0,29485.0,251173.95,1.01,상승추세_유지
20261007,KOSDAQ,067080,대화제약,12130,55505,225819964500,11774.0,11536.0,54852.8,1.01,상승추세_유지
20261007,KOSDAQ,195940,HK이노엔,40750,88580,1154443058250,40380.0,39675.0,87419.6,1.01,상승추세_유지
20261007,KOSDAQ,042520,한스바이오메드,22600,113619,322306894200,21880.0,20128.0,113216.0,1.0,상승추세_유지
20261007,KOSPI,096770,SK이노베이션,159600,990714,26980824964800,152000.0,149500.0,991650.55,1.0,상승추세_유지
20261007,KOSDAQ,100790,미래에셋벤처투자,16810,576481,892956916180,17582.0,17431.0,576042.35,1.0,상승추세_유지
20261007,KOSDAQ,445680,큐리옥스바이오시스템즈,59200,69502,1019702180800,59100.0,54445.0,69416.15,1.0,상승추세_유지
20261007,KOSDAQ,464080,에스오에스랩,10480,100401,188782203120,10496.0,10256.0,100524.35,1.0,상승추세_유지
20261007,KOSPI,0030R0,대신밸류리츠,4005,15469,239418900000,3894.0,3814.5,15566.55,0.99,상승추세_유지
20261007,KOSDAQ,089970,브이엠,64500,687563,1712866192500,66960.0,62940.0,693488.95,0.99,상승추세_유지
20261007,KOSDAQ,166480,코아스템켐온,2355,120479,124509735480,2295.0,2211.5,121614.55,0.99,상승추세_유지
20261007,KOSDAQ,220260,켐트로스,4685,156037,150257577675,4723.0,4410.0,158262.65,0.99,상승추세_유지
20261007,KOSPI,011500,한농화성,14660,68062,229239035720,14706.0,13945.0,69287.55,0.98,상승추세_유지
20261007,KOSDAQ,137400,피엔티,32300,117448,765210514400,31760.0,30320.0,119515.3,0.98,상승추세_유지
20261007,KOSDAQ,281740,레이크머티리얼즈,12670,405546,832806043160,12380.0,11597.0,411978.2,0.98,상승추세_유지
20261007,KOSDAQ,348340,뉴로메카,21150,358920,495088167600,21370.0,20678.0,367000.55,0.98,상승추세_유지
20261007,KOSDAQ,493280,아이엠바이오로직스,18850,187048,279846364850,17886.0,17186.0,189997.05,0.98,상승추세_유지
20261007,KOSPI,020150,롯데에너지머티리얼즈,53700,330231,2812025363100,48730.0,45040.0,339650.6,0.97,상승추세_유지
20261007,KOSDAQ,056190,SFA,31050,146085,1114966998000,30490.0,29350.0,150559.15,0.97,상승추세_유지
20261007,KOSDAQ,095340,ISC,202500,158509,4292404245000,210400.0,208460.0,164166.7,0.97,상승추세_유지
20261007,KOSPI,010950,S-Oil,170600,380552,19206624315200,162520.0,159640.0,395092.05,0.96,상승추세_유지
20261007,KOSDAQ,025900,동화기업,7350,61439,371596044750,7330.0,7054.0,64299.8,0.96,상승추세_유지
20261007,KOSDAQ,112290,와이씨켐,12420,198845,251145937800,12556.0,11511.0,207106.5,0.96,상승추세_유지
20261007,KOSDAQ,122640,예스티,31800,353083,688512135000,33420.0,32715.0,367555.75,0.96,상승추세_유지
20261007,KOSDAQ,206650,유바이오로직스,8490,75024,312027086430,8458.0,8387.0,78232.3,0.96,상승추세_유지
20261007,KOSDAQ,357780,솔브레인,413500,31845,3216437041000,419300.0,389850.0,33028.7,0.96,상승추세_유지
20261007,KOSDAQ,950160,코오롱티슈진,16810,611058,1428348389600,16376.0,15970.0,635575.3,0.96,상승추세_유지
20261007,KOSPI,013520,화승코퍼레이션,2545,56552,127380436340,2533.0,2514.5,59564.35,0.95,상승추세_유지
20261007,KOSDAQ,031330,에스에이엠티,8600,366228,859957576200,8686.0,8501.0,385540.7,0.95,상승추세_유지
20261007,KOSDAQ,036030,케이티알파,5040,31591,247056470640,4985.0,4944.5,33103.6,0.95,상승추세_유지
20261007,KOSDAQ,036810,에프에스티,34500,127157,746917720500,34390.0,32600.0,134483.55,0.95,상승추세_유지
20261007,KOSDAQ,200710,에이디테크놀로지,28600,88501,385013400200,28950.0,27845.0,93245.35,0.95,상승추세_유지
20261007,KOSDAQ,289930,웨이비스,8000,97775,105192080000,8172.0,8082.0,102750.1,0.95,상승추세_유지
20261007,KOSPI,950210,프레스티지바이오파마,5930,27933,356370199150,6006.0,5978.0,29479.45,0.95,상승추세_유지
20261007,KOSPI,005070,코스모신소재,46400,133650,1541156094400,45840.0,43890.0,142034.45,0.94,상승추세_유지
20261007,KOSDAQ,018120,진로발효,16680,581,110440281600,16770.0,16762.0,620.25,0.94,상승추세_유지
20261007,KOSDAQ,098460,고영,36200,1295023,2468992510600,34350.0,31820.0,1379409.55,0.94,상승추세_유지
20261007,KOSDAQ,254490,미래반도체,18350,85900,264937300000,18360.0,17485.0,91783.55,0.94,상승추세_유지
20261007,KOSPI,008060,대덕,16330,74767,510918310340,16012.0,15405.0,79973.3,0.93,상승추세_유지
20261007,KOSPI,031210,서울보증보험,42800,39518,2988364394400,42290.0,42190.0,42309.15,0.93,상승추세_유지
20261007,KOSDAQ,058970,엠로,16340,18973,202008053960,16728.0,16565.0,20310.35,0.93,상승추세_유지
20261007,KOSPI,089590,제주항공,4585,236855,369738916225,4550.0,4530.5,253589.0,0.93,상승추세_유지
20261007,KOSPI,229640,LS에코에너지,69000,243392,2113116651000,65600.0,63620.0,261817.3,0.93,상승추세_유지
20261007,KOSDAQ,242040,나무AX,3140,260639,108663668960,3208.0,3153.0,279327.6,0.93,상승추세_유지
20261007,KOSDAQ,252990,샘씨엔에스,19050,768539,1147150785450,19684.0,19031.0,830647.95,0.93,상승추세_유지
20261007,KOSDAQ,317770,엑스페릭스,2960,145361,109511125920,2900.0,2751.0,156758.25,0.93,상승추세_유지
20261007,KOSDAQ,418420,라온텍,4015,132319,123559850370,4195.0,4189.0,142023.7,0.93,상승추세_유지
20261007,KOSDAQ,488280,에스투더블유,16530,1074874,178945283580,15896.0,15434.0,1157248.15,0.93,상승추세_유지
20261007,KOSDAQ,032620,GC메디아이,3245,33418,169379716055,3230.0,3175.5,36272.25,0.92,상승추세_유지
20261007,KOSPI,042700,한미반도체,264500,605179,25210076900000,267900.0,254600.0,659191.95,0.92,상승추세_유지
20261007,KOSDAQ,215600,신라젠,2380,595932,329757482320,2365.0,2312.0,648779.1,0.92,상승추세_유지
20261007,KOSDAQ,250060,모비스,3115,177882,100213643110,3140.0,3098.5,193344.5,0.92,상승추세_유지
20261007,KOSDAQ,402490,그린리소스,7640,171664,129385057880,7842.0,7577.0,185727.1,0.92,상승추세_유지
20261007,KOSDAQ,018310,삼목에스폼,14900,15196,219030000000,15016.0,14814.0,16694.65,0.91,상승추세_유지
20261007,KOSDAQ,129920,대성하이텍,7140,157183,116015689440,6990.0,6471.0,173474.8,0.91,상승추세_유지
20261007,KOSDAQ,383310,에코프로에이치엔,25450,130210,533812019400,24800.0,23420.0,143133.45,0.91,상승추세_유지
20261007,KOSDAQ,482630,삼양엔씨켐,15140,162879,331388559200,15126.0,14475.0,179952.65,0.91,상승추세_유지
20261007,KOSPI,002810,삼영무역,21500,14389,397039382000,21470.0,21410.0,15952.0,0.9,상승추세_유지
20261007,KOSDAQ,071280,로체시스템즈,9100,134304,139199087300,8798.0,8225.0,149377.35,0.9,상승추세_유지
20261007,KOSDAQ,102120,어보브반도체,8580,189039,152558860740,8632.0,8184.0,211125.5,0.9,상승추세_유지
20261007,KOSDAQ,110990,디아이티,18900,68201,357210000000,18800.0,18095.0,75839.4,0.9,상승추세_유지
20261007,KOSDAQ,237690,에스티팜,96400,90822,2012507903200,94780.0,93320.0,100826.45,0.9,상승추세_유지
20261007,KOSPI,015590,DKME,2190,119748,116937914520,2318.0,2226.0,134610.35,0.89,상승추세_유지
20261007,KOSDAQ,092870,엑시콘,52900,331527,690387161300,52300.0,47560.0,372506.4,0.89,상승추세_유지
20261007,KOSDAQ,094360,칩스앤미디어,12860,119351,274628823640,12756.0,12401.0,134747.85,0.89,상승추세_유지
20261007,KOSDAQ,241520,DSC인베스트먼트,8180,94964,217588000000,8362.0,8243.0,107264.5,0.89,상승추세_유지
20261007,KOSDAQ,420770,기가비스,135300,137004,1715030057400,132300.0,126890.0,153889.75,0.89,상승추세_유지
20261007,KOSPI,005940,NH투자증권,26550,377370,9802422087750,26530.0,26335.0,427457.8,0.88,상승추세_유지
20261007,KOSDAQ,082270,젬백스,11090,96949,504379709830,10970.0,10691.0,109826.55,0.88,상승추세_유지
20261007,KOSPI,102260,동성케미컬,3690,55472,186970790790,3697.0,3656.5,63133.8,0.88,상승추세_유지
20261007,KOSDAQ,119830,아이텍,6590,115849,174888952240,6634.0,6427.0,131511.15,0.88,상승추세_유지
20261007,KOSDAQ,322310,오로스테크놀로지,16140,85281,151175987880,16088.0,15141.0,97083.55,0.88,상승추세_유지
20261007,KOSDAQ,338840,와이바이오로직스,8180,22520,126003599340,8360.0,8256.0,25470.9,0.88,상승추세_유지
20261007,KOSPI,483650,달바글로벌,182800,128530,2289965762000,183880.0,183650.0,146314.7,0.88,상승추세_유지
20261007,KOSPI,005880,대한해운,2070,1133988,668086993800,2082.0,2056.1,1297221.8,0.87,상승추세_유지
20261007,KOSPI,018880,한온시스템,3855,5377993,3956198923410,3754.0,3515.0,6180796.35,0.87,상승추세_유지
20261007,KOSPI,033530,SJG세종,6790,27292,183685110210,6780.0,6761.0,31219.55,0.87,상승추세_유지
20261007,KOSDAQ,059120,아진엑스텍,7500,464261,137325495000,7718.0,7529.0,535183.8,0.87,상승추세_유지
20261007,KOSPI,185750,종근당,66200,14308,913744036000,65300.0,65040.0,16455.55,0.87,상승추세_유지
20261007,KOSDAQ,293490,카카오게임즈,10110,289156,1079194629150,9884.0,9537.0,330656.05,0.87,상승추세_유지
20261007,KOSDAQ,477850,마키나락스,21300,395135,378175876800,22270.0,21985.0,451837.05,0.87,상승추세_유지
20261007,KOSPI,001340,PKC,5070,73660,228292411230,5154.0,5069.0,85597.75,0.86,상승추세_유지
20261007,KOSDAQ,074600,원익QnC,31600,164461,830700800000,31970.0,30510.0,190766.15,0.86,상승추세_유지
20261007,KOSDAQ,077360,덕산하이메탈,13780,809978,626121887560,13988.0,13533.0,942558.7,0.86,상승추세_유지
20261007,KOSDAQ,272290,이녹스첨단소재,22050,71852,439622073450,22250.0,21675.0,83762.5,0.86,상승추세_유지
20261007,KOSDAQ,293780,압타바이오,7890,44627,221656965450,7716.0,7115.0,51820.5,0.86,상승추세_유지
20261007,KOSDAQ,348370,엔켐,23200,160624,508335060800,22440.0,21370.0,187087.55,0.86,상승추세_유지
20261007,KOSDAQ,403870,HPSP,65500,2113429,5390650000000,66500.0,61400.0,2452833.9,0.86,상승추세_유지
20261007,KOSPI,016360,삼성증권,89400,238120,7983420000000,89520.0,89490.0,280575.25,0.85,상승추세_유지
20261007,KOSDAQ,061970,LB세미콘,4690,300937,328689298140,4727.0,4562.5,353710.0,0.85,상승추세_유지
20261007,KOSDAQ,214430,아이쓰리시스템,79300,24134,579462149500,76040.0,71930.0,28239.45,0.85,상승추세_유지
20261007,KOSDAQ,222800,심텍,170400,619928,6557763230400,164520.0,155030.0,725310.6,0.85,상승추세_유지
20261007,KOSDAQ,253590,네오셈,15940,789190,699274474160,15140.0,14234.0,923520.5,0.85,상승추세_유지
20261007,KOSDAQ,285490,노바텍,12590,17238,133149712290,12428.0,12303.0,20262.5,0.85,상승추세_유지
20261007,KOSDAQ,307930,컴퍼니케이,6510,46063,101621100000,6426.0,6418.0,54460.75,0.85,상승추세_유지
20261007,KOSDAQ,323280,태성,59700,338230,1823117406000,59920.0,53975.0,397839.3,0.85,상승추세_유지
20261007,KOSPI,010955,S-Oil우,90300,23961,363180008100,86700.0,84710.0,28471.55,0.84,상승추세_유지
20261007,KOSDAQ,037460,삼지전자,31250,38953,509953812500,32080.0,31445.0,46625.65,0.84,상승추세_유지
20261007,KOSDAQ,078070,유비쿼스홀딩스,9240,17126,157623709320,9072.0,8914.0,20322.8,0.84,상승추세_유지
20261007,KOSDAQ,085910,네오티스,19200,196488,264860505600,17982.0,17023.0,233658.5,0.84,상승추세_유지
20261007,KOSPI,322000,HD현대에너지솔루션,145500,236514,1629600000000,139040.0,129710.0,281054.45,0.84,상승추세_유지
20261007,KOSDAQ,417200,LS머트리얼즈,15600,1221202,1055381480400,14868.0,14096.0,1458597.85,0.84,상승추세_유지
20261007,KOSPI,012610,경인양행,3440,92142,143160295600,3372.0,3285.0,110380.2,0.83,상승추세_유지
20261007,KOSDAQ,024850,HLB이노베이션,17980,340333,621028678580,16900.0,16439.0,407660.85,0.83,상승추세_유지
20261007,KOSDAQ,048410,현대바이오,7290,1314546,703525619880,7088.0,6985.0,1590001.15,0.83,상승추세_유지
20261007,KOSDAQ,054950,제이브이엠,24350,12329,294388870200,24120.0,23675.0,14813.35,0.83,상승추세_유지
20261007,KOSDAQ,089030,테크윙,53700,601279,1989780736500,55020.0,52030.0,720404.6,0.83,상승추세_유지
20261007,KOSDAQ,232140,와이씨,17190,2331100,1410359566500,16564.0,15377.0,2806139.7,0.83,상승추세_유지
20261007,KOSDAQ,456010,아이씨티케이,24950,1023748,361833632500,24990.0,24140.0,1236618.85,0.83,상승추세_유지
20261007,KOSPI,066970,엘앤에프,117600,428577,4784695238400,116220.0,112940.0,520864.8,0.82,상승추세_유지
20261007,KOSDAQ,080580,오킨스전자,28150,366952,593710383250,27330.0,25780.0,449357.25,0.82,상승추세_유지
20261007,KOSDAQ,101160,월덱스,32200,36379,531653974600,32610.0,31835.0,44500.95,0.82,상승추세_유지
20261007,KOSDAQ,114810,한솔아이원스,14630,177642,411734635620,15194.0,14815.0,216645.8,0.82,상승추세_유지
20261007,KOSPI,361610,SK아이이테크놀로지,18280,467303,1495068188000,17542.0,17234.0,568496.15,0.82,상승추세_유지
20261007,KOSPI,003160,디아이,41550,564970,1175865000000,41000.0,38480.0,695107.8,0.81,상승추세_유지
20261007,KOSPI,007340,DN오토모티브,49050,96453,2869957928250,49410.0,49355.0,119055.25,0.81,상승추세_유지
20261007,KOSDAQ,028300,HLB,45900,1070602,6113798435700,43140.0,38910.0,1327526.25,0.81,상승추세_유지
20261007,KOSPI,033780,KT&G,179600,180210,18644357897600,176760.0,176180.0,221742.05,0.81,상승추세_유지
20261007,KOSDAQ,036010,아비코전자,8110,81021,107805694740,8126.0,7750.0,99474.75,0.81,상승추세_유지
20261007,KOSDAQ,036830,솔브레인홀딩스,47150,53303,966762704150,46360.0,43445.0,66205.65,0.81,상승추세_유지
20261007,KOSPI,353200,대덕전자,151300,865457,7476780752500,147780.0,132600.0,1073021.5,0.81,상승추세_유지
20261007,KOSDAQ,378340,필에너지,12840,36090,277907444880,12792.0,12391.0,44519.1,0.81,상승추세_유지
20261007,KOSDAQ,388790,라이콤,5420,911704,165928747200,5444.0,5343.0,1122876.05,0.81,상승추세_유지
20261007,KOSPI,009450,경동나비엔,61700,21841,898882126400,61260.0,61000.0,27216.4,0.8,상승추세_유지
20261007,KOSPI,030000,제일기획,18960,356662,2181181626000,18758.0,18222.0,445291.45,0.8,상승추세_유지
20261007,KOSDAQ,085660,차바이오텍,8560,149500,795847561760,8508.0,8273.0,185881.0,0.8,상승추세_유지
20261007,KOSPI,089860,롯데렌탈,51300,59902,1862671604400,51100.0,50345.0,74923.6,0.8,상승추세_유지
20261007,KOSDAQ,115500,케이씨에스,11940,563039,143280000000,11318.0,10820.0,707090.25,0.8,상승추세_유지
20261007,KOSDAQ,365340,성일하이텍,37500,26544,484541812500,37340.0,36000.0,33226.45,0.8,상승추세_유지
20261007,KOSDAQ,065350,신성델타테크,32500,69167,893228310000,32290.0,31650.0,87255.1,0.79,상승추세_유지
20261007,KOSDAQ,078150,HB테크놀러지,2330,1517468,221167789340,2309.0,2190.0,1913206.35,0.79,상승추세_유지
20261007,KOSDAQ,348210,넥스틴,38000,74772,398126190000,38180.0,35815.0,94436.85,0.79,상승추세_유지
20261007,KOSDAQ,425040,티이엠씨,15060,907418,330158843880,14872.0,13909.0,1147565.9,0.79,상승추세_유지
20261007,KOSDAQ,045100,한양이엔지,33600,64361,588000000000,34090.0,33025.0,82444.1,0.78,상승추세_유지
20261007,KOSDAQ,047310,파워로직스,3255,75383,119168007525,3236.0,3183.0,96508.4,0.78,상승추세_유지
20261007,KOSDAQ,095660,네오위즈,18100,29062,391619907900,18062.0,17963.0,37312.9,0.78,상승추세_유지
20261007,KOSDAQ,098120,마이크로컨텍솔,60500,136498,502922343000,58940.0,58360.0,174260.55,0.78,상승추세_유지
20261007,KOSPI,330590,롯데리츠,4155,115894,1200665713020,4122.0,4111.5,148878.65,0.78,상승추세_유지
20261007,KOSPI,015360,INVENI,14610,10117,383512500000,14672.0,14617.0,13185.85,0.77,상승추세_유지
20261007,KOSDAQ,051370,인터플렉스,7120,198144,166091600640,7174.0,7038.0,258524.05,0.77,상승추세_유지
20261007,KOSDAQ,053700,삼보모터스,3940,72235,105260082580,3949.0,3906.0,94127.0,0.77,상승추세_유지
20261007,KOSDAQ,389260,대명에너지,13600,67394,243662020000,13420.0,13185.0,87758.45,0.77,상승추세_유지
20261007,KOSPI,004100,태양금속,3195,304079,117256500000,3183.0,3115.5,401884.6,0.76,상승추세_유지
20261007,KOSPI,004710,한솔테크닉스,11840,750975,628035241280,11756.0,11018.0,992748.15,0.76,상승추세_유지
20261007,KOSDAQ,032580,피델릭스,7750,610110,256773496000,7726.0,7323.0,807464.1,0.76,상승추세_유지
20261007,KOSDAQ,086670,비엠티,18900,39414,187599226500,19116.0,19110.0,51748.5,0.76,상승추세_유지
20261007,KOSDAQ,086890,이수앱지스,4040,65000,164730959600,3910.0,3779.0,85227.0,0.76,상승추세_유지
20261007,KOSDAQ,178320,서진시스템,41300,863301,2631780095700,40880.0,37340.0,1137329.05,0.76,상승추세_유지
20261007,KOSDAQ,440110,파두,82300,454907,4124137522100,85140.0,80960.0,599432.45,0.76,상승추세_유지
20261007,KOSPI,0126Z0,삼성에피스홀딩스,369000,26170,9181845081000,365000.0,348500.0,34820.25,0.75,상승추세_유지
20261007,KOSDAQ,215200,메가스터디교육,38000,25346,393878208000,37490.0,36990.0,33834.0,0.75,상승추세_유지
20261007,KOSDAQ,396470,워트,7150,82693,115258000000,7150.0,6974.0,110059.25,0.75,상승추세_유지
20261007,KOSDAQ,050890,쏠리드,10100,1245734,613640993400,10158.0,9815.0,1676181.3,0.74,상승추세_유지
20261007,KOSDAQ,069510,에스텍,13510,3245,147394100000,13276.0,13204.0,4403.95,0.74,상승추세_유지
20261007,KOSDAQ,166090,하나머티리얼즈,61600,118379,1218304718400,62640.0,60290.0,159727.4,0.74,상승추세_유지
20261007,KOSDAQ,290550,디케이티,23600,287352,472029028000,23090.0,22555.0,385938.1,0.74,상승추세_유지
20261007,KOSDAQ,491000,리브스메드,38250,155019,966014115750,36060.0,32960.0,209812.45,0.74,상승추세_유지
20261007,KOSPI,011200,HMM,21400,549943,20185292558000,21270.0,21170.0,753301.25,0.73,상승추세_유지
20261007,KOSDAQ,172670,에이엘티,14840,58960,132970243560,14398.0,13843.0,81172.45,0.73,상승추세_유지
20261007,KOSDAQ,327260,RF머트리얼즈,53400,864956,960527587200,52470.0,50170.0,1181182.7,0.73,상승추세_유지
20261007,KOSPI,000990,DB하이텍,134400,555063,5847016627200,138800.0,135550.0,766183.2,0.72,상승추세_유지
20261007,KOSDAQ,008830,대동기어,6360,201003,121996985760,6398.0,6321.0,280119.5,0.72,상승추세_유지
20261007,KOSDAQ,094480,갤럭시아머니트리,5650,264386,221648584700,5804.0,5723.0,365552.7,0.72,상승추세_유지
20261007,KOSDAQ,218410,RFHIC,58900,436868,1565293533800,60360.0,59420.0,606752.5,0.72,상승추세_유지
20261007,KOSDAQ,265520,AP시스템,20050,30743,301768961050,20238.0,19652.0,42768.95,0.72,상승추세_유지
20261007,KOSPI,272550,삼양패키징,9850,8462,148423799100,9858.0,9795.0,11729.7,0.72,상승추세_유지
20261007,KOSPI,001820,삼화콘덴서,159700,776066,1660081500000,156580.0,152570.0,1098721.6,0.71,상승추세_유지
20261007,KOSDAQ,200470,에이팩트,9990,767367,437797324440,9960.0,8981.0,1073275.3,0.71,상승추세_유지
20261007,KOSDAQ,306620,지아이에스,2125,264917,101877141000,2146.0,2090.2,375038.55,0.71,상승추세_유지
20261007,KOSPI,900140,엘브이엠씨홀딩스,1169,277389,225898065008,1188.6,1166.4,391821.5,0.71,상승추세_유지
20261007,KOSPI,009160,SIMPAC,4915,39561,321298307720,4947.0,4848.0,56288.4,0.7,상승추세_유지
20261007,KOSPI,071320,지역난방공사,79000,8613,914720776000,78860.0,78680.0,12331.7,0.7,상승추세_유지
20261007,KOSDAQ,078350,한양디지텍,36400,369710,554895504800,35340.0,31635.0,526272.8,0.7,상승추세_유지
20261007,KOSDAQ,099190,아이센스,16700,25220,493879337100,16668.0,16305.0,35792.75,0.7,상승추세_유지
20261007,KOSDAQ,417840,저스템,18800,735545,431397602800,18804.0,17645.0,1057873.5,0.7,상승추세_유지
20261007,KOSPI,489790,한화비전,49400,123637,2494126466000,50880.0,49215.0,175473.4,0.7,상승추세_유지
20261007,KOSDAQ,060720,KH바텍,11630,61073,275368650460,11394.0,11190.0,89080.05,0.69,상승추세_유지
20261007,KOSDAQ,067310,하나마이크론,50700,1405683,3371087058300,50710.0,48265.0,2044414.05,0.69,상승추세_유지
20261007,KOSPI,112610,씨에스윈드,57200,260590,2412204251600,55120.0,52980.0,377693.55,0.69,상승추세_유지
20261007,KOSDAQ,173130,오파스넷,7910,80255,103197601430,7758.0,7593.0,117142.35,0.69,상승추세_유지
20261007,KOSDAQ,196170,알테오젠,257000,235563,17901369181000,259200.0,255650.0,343389.15,0.69,상승추세_유지
20261007,KOSDAQ,033790,피노,9880,1484285,849807975640,9642.0,8762.0,2188656.05,0.68,상승추세_유지
20261007,KOSDAQ,121600,나노신소재,62600,53741,767613156600,59760.0,56380.0,78851.0,0.68,상승추세_유지
20261007,KOSPI,002710,TCC스틸,14310,429198,375118004070,14146.0,12815.0,637914.35,0.67,상승추세_유지
20261007,KOSPI,017550,수산세보틱스,1835,118875,114502403550,1847.0,1834.7,178328.85,0.67,상승추세_유지
20261007,KOSDAQ,067280,멀티캠퍼스,26150,6672,154985270850,26190.0,25770.0,9929.45,0.67,상승추세_유지
20261007,KOSPI,090460,비에이치,22200,638356,748396143600,21340.0,20742.0,948138.65,0.67,상승추세_유지
20261007,KOSPI,093370,후성,15270,3140613,1637788889100,15732.0,14823.0,4658127.5,0.67,상승추세_유지
20261007,KOSDAQ,149950,아바텍,12620,132626,172486411860,12430.0,12345.0,197291.65,0.67,상승추세_유지
20261007,KOSPI,004370,농심,400000,15072,2433056800000,400800.0,398850.0,22919.6,0.66,상승추세_유지
20261007,KOSPI,009830,한화솔루션,36150,2094828,8129865176400,35480.0,32750.0,3197372.95,0.66,상승추세_유지
20261007,KOSPI,018470,조일알미늄,5300,60455,134229623200,5244.0,5206.0,91190.9,0.66,상승추세_유지
20261007,KOSDAQ,023160,태광,26700,147534,690655361400,27520.0,27345.0,222580.8,0.66,상승추세_유지
20261007,KOSDAQ,032500,케이엠더블유,20000,188904,843834020000,20048.0,19615.0,287013.6,0.66,상승추세_유지
20261007,KOSDAQ,036170,에이치엠넥스,3200,192420,196370003200,3000.0,2855.5,293103.4,0.66,상승추세_유지
20261007,KOSDAQ,060250,NHN KCP,13520,155156,542971460720,13586.0,13461.0,235417.65,0.66,상승추세_유지
20261007,KOSDAQ,255440,야스,8630,48367,112690540000,8530.0,8002.0,73525.4,0.66,상승추세_유지
20261007,KOSDAQ,025320,시노펙스,3990,191233,367960804470,3943.0,3869.0,294795.8,0.65,상승추세_유지
20261007,KOSDAQ,159010,아스플로,32600,114770,434712491400,31670.0,29270.0,176484.45,0.65,상승추세_유지
20261007,KOSPI,339770,교촌에프앤비,3920,20036,195863113600,3873.0,3844.0,30686.5,0.65,상승추세_유지
20261007,KOSPI,007860,서연,7490,14892,175864031560,7640.0,7522.0,23254.0,0.64,상승추세_유지
20261007,KOSDAQ,064290,인텍플러스,58500,260955,760405113000,57960.0,56190.0,409388.15,0.64,상승추세_유지
20261007,KOSDAQ,115180,큐리언트,24200,72412,908326454200,24120.0,23195.0,113189.3,0.64,상승추세_유지
20261007,KOSDAQ,126340,비나텍,94700,103143,679985205800,93940.0,89000.0,160646.3,0.64,상승추세_유지
20261007,KOSDAQ,161580,필옵틱스,41700,362258,977541699900,40930.0,37445.0,562550.75,0.64,상승추세_유지
20261007,KOSDAQ,228760,지노믹트리,11940,66124,296818871880,12274.0,11682.0,102985.85,0.64,상승추세_유지
20261007,KOSDAQ,321550,티움바이오,4725,97026,141931794375,4670.0,4591.0,151541.85,0.64,상승추세_유지
20261007,KOSDAQ,328130,루닛,11170,569886,831697870600,10970.0,10808.0,889728.95,0.64,상승추세_유지
20261007,KOSDAQ,125210,아모그린텍,6380,157626,105249520200,6436.0,6274.0,250964.75,0.63,상승추세_유지
20261007,KOSDAQ,183300,코미코,33050,357644,1697556238750,34180.0,32950.0,571708.35,0.63,상승추세_유지
20261007,KOSDAQ,287840,인투셀,18240,19613,274000550400,18054.0,17589.0,31024.35,0.63,상승추세_유지
20261007,KOSDAQ,308080,바이젠셀,5900,71380,120945634000,5826.0,5731.0,113370.25,0.63,상승추세_유지
20261007,KOSDAQ,476060,온코닉테라퓨틱스,15510,157586,704275598400,15618.0,15431.0,248400.9,0.63,상승추세_유지
20261007,KOSPI,010060,OCI홀딩스,240000,165142,4480855680000,233100.0,219550.0,265886.45,0.62,상승추세_유지
20261007,KOSDAQ,036200,유니셈,10720,176471,328720470560,10724.0,10177.0,282530.55,0.62,상승추세_유지
20261007,KOSDAQ,059090,미코,22850,250668,763573377300,23520.0,22633.0,404743.5,0.62,상승추세_유지
20261007,KOSPI,092220,KEC,3090,442964,124071620520,3176.0,3146.5,724270.35,0.61,상승추세_유지
20261007,KOSDAQ,160190,하이젠알앤엠,33800,263362,1044014400000,30670.0,29940.0,435146.9,0.61,상승추세_유지
20261007,KOSDAQ,230240,에치에프알,13900,121641,184995100000,13958.0,13746.0,198997.6,0.61,상승추세_유지
20261007,KOSDAQ,432720,퀄리타스반도체,11770,166037,166987722440,11832.0,11259.0,272640.7,0.61,상승추세_유지
20261007,KOSPI,005950,이수화학,11450,184013,301068235050,11450.0,11043.0,304898.0,0.6,상승추세_유지
20261007,KOSDAQ,046890,서울반도체,10400,157614,606376160000,10694.0,10525.0,264691.8,0.6,상승추세_유지
20261007,KOSPI,095570,AJ네트웍스,4285,41462,193908072315,4265.0,4253.5,69516.2,0.6,상승추세_유지
20261007,KOSDAQ,394800,쓰리빌리언,5860,569014,186480160580,6234.0,6029.0,955300.05,0.6,상승추세_유지
20261007,KOSPI,003030,세아제강지주,107000,11828,443157299000,112700.0,109760.0,20069.0,0.59,상승추세_유지
20261007,KOSDAQ,0082N0,카나프테라퓨틱스,13140,42960,174769621200,12776.0,12407.0,72651.3,0.59,상승추세_유지
20261007,KOSDAQ,053030,바이넥스,6510,33953,212774063880,6450.0,6304.0,57719.85,0.59,상승추세_유지
20261007,KOSDAQ,138610,나이벡,16070,20787,182680433510,16126.0,15674.0,35515.85,0.59,상승추세_유지
20261007,KOSPI,161390,한국타이어앤테크놀로지,60700,150448,7519216688300,59780.0,59200.0,255370.5,0.59,상승추세_유지
20261007,KOSDAQ,365270,큐라클,10050,29604,222677769600,10210.0,9847.0,49828.55,0.59,상승추세_유지
20261007,KOSDAQ,453450,그리드위즈,12990,10174,103176322500,13034.0,12805.0,17163.9,0.59,상승추세_유지
20261007,KOSPI,002380,KCC,467500,12569,4017178880000,472100.0,472050.0,21555.85,0.58,상승추세_유지
20261007,KOSPI,008970,KBI동양철관,1414,2453053,146726406498,1427.6,1290.0,4216215.05,0.58,상승추세_유지
20261007,KOSPI,016610,DB증권,10150,31240,430830848350,10336.0,10321.0,53435.9,0.58,상승추세_유지
20261007,KOSDAQ,036710,심텍홀딩스,5080,214475,268364990320,4919.0,4652.0,366910.55,0.58,상승추세_유지
20261007,KOSDAQ,200670,휴메딕스,25950,15862,291416683500,25670.0,25115.0,27358.2,0.58,상승추세_유지
20261007,KOSPI,003570,SNT다이내믹스,30550,59777,1015869893350,31070.0,29680.0,105310.05,0.57,상승추세_유지
20261007,KOSDAQ,079370,제우스,14070,297307,436409049300,14048.0,13138.0,520931.05,0.57,상승추세_유지
20261007,KOSPI,317450,명인제약,43350,6127,632910000000,43480.0,42825.0,10764.9,0.57,상승추세_유지
20261007,KOSDAQ,484590,삼양컴텍,7120,113135,293418404000,7258.0,7045.0,199517.95,0.57,상승추세_유지
20261007,KOSPI,000240,한국앤컴퍼니,25550,34972,2425595382000,25300.0,25045.0,62880.0,0.56,상승추세_유지
20261007,KOSPI,009470,삼화전기,26950,39741,178242449000,27130.0,26755.0,71287.8,0.56,상승추세_유지
20261007,KOSDAQ,052710,아모텍,21800,673380,407241440000,21042.0,19838.0,1211494.25,0.56,상승추세_유지
20261007,KOSDAQ,089980,상아프론테크,16340,26083,261260864580,16420.0,16044.0,46386.15,0.56,상승추세_유지
20261007,KOSPI,108320,LX세미콘,37600,55624,611537680000,37630.0,36980.0,100079.95,0.56,상승추세_유지
20261007,KOSDAQ,143240,사람인,17560,5705,188466756360,17458.0,17425.0,10105.25,0.56,상승추세_유지
20261007,KOSDAQ,200130,콜마비앤에이치,8170,31858,235096308860,8016.0,7878.0,56706.8,0.56,상승추세_유지
20261007,KOSDAQ,458870,씨어스,26000,101066,996979412000,26350.0,26065.0,181693.1,0.56,상승추세_유지
20261007,KOSPI,000640,동아쏘시오홀딩스,94700,5254,637570306900,93880.0,93610.0,9634.15,0.55,상승추세_유지
20261007,KOSPI,020560,아시아나항공,8240,73467,1697363458640,8326.0,8276.0,133410.8,0.55,상승추세_유지
20261007,KOSPI,064960,SNT모티브,26650,30945,707298248800,26690.0,26420.0,56588.85,0.55,상승추세_유지
20261007,KOSPI,267850,아시아나IDT,9330,6887,103563000000,9270.0,9208.0,12522.55,0.55,상승추세_유지
20261007,KOSPI,020000,한섬,21700,91828,466050769800,21500.0,20642.0,168849.25,0.54,상승추세_유지
20261007,KOSDAQ,051160,지어소프트,13780,218284,185790889440,12778.0,12486.0,402483.4,0.54,상승추세_유지
20261007,KOSDAQ,052020,에스티큐브,7730,88665,525510839430,7796.0,7746.0,162957.45,0.54,상승추세_유지
20261007,KOSDAQ,220100,퓨쳐켐,7050,65676,182011612500,7080.0,6741.0,121069.95,0.54,상승추세_유지
20261007,KOSDAQ,256940,킵스파마,7300,27656,146570473100,6926.0,6478.0,50812.15,0.54,상승추세_유지
20261007,KOSDAQ,293580,나우IB,1285,315183,121984985750,1281.2,1270.3,578529.95,0.54,상승추세_유지
20261007,KOSDAQ,332570,PS일렉트로닉스,8770,1337429,402899088310,9046.0,8982.0,2497192.1,0.54,상승추세_유지
20261007,KOSDAQ,351320,넥사다이내믹스,4330,341349,134262656860,4429.0,4096.5,631970.7,0.54,상승추세_유지
20261007,KOSDAQ,394280,오픈엣지테크놀로지,10210,57776,268998071300,10366.0,10022.0,107900.65,0.54,상승추세_유지
20261007,KOSDAQ,399720,가온칩스,46750,69556,554400957000,47430.0,46540.0,129196.9,0.54,상승추세_유지
20261007,KOSDAQ,445180,퓨릿,9830,37338,168969718040,9924.0,9284.0,69243.55,0.54,상승추세_유지
20261007,KOSPI,005850,에스엘,50900,35013,2364229668000,51340.0,50375.0,65527.95,0.53,상승추세_유지
20261007,KOSDAQ,117730,티로보틱스,14710,71942,331828812530,14954.0,14471.0,135286.25,0.53,상승추세_유지
20261007,KOSDAQ,138080,오이솔루션,31600,265766,391137152800,31030.0,29485.0,498111.0,0.53,상승추세_유지
20261007,KOSDAQ,140670,알에스오토메이션,10550,34569,135460312000,10578.0,10488.0,65124.65,0.53,상승추세_유지
20261007,KOSDAQ,389500,에스비비테크,42500,58841,283197560000,43100.0,42820.0,114031.1,0.52,상승추세_유지
20261007,KOSPI,004150,한솔홀딩스,3545,33274,145439367900,3579.0,3548.0,65784.85,0.51,상승추세_유지
20261007,KOSPI,026960,동서,26450,33081,2637065000000,26370.0,25985.0,65202.6,0.51,상승추세_유지
20261007,KOSDAQ,036540,SFA반도체,11340,4278435,1864979836020,11244.0,10908.0,8433691.85,0.51,상승추세_유지
20261007,KOSDAQ,041190,우리기술투자,6080,1617343,485184000000,6090.0,5990.0,3166041.7,0.51,상승추세_유지
20261007,KOSDAQ,054050,NH농우바이오,7100,8602,113816983100,7212.0,7129.0,16990.85,0.51,상승추세_유지
20261007,KOSPI,192650,드림텍,9120,721547,600887880480,9042.0,8657.0,1406891.05,0.51,상승추세_유지
20261007,KOSPI,003490,대한항공,30850,1257789,11359605787650,31160.0,31065.0,2514969.15,0.5,상승추세_유지
20261007,KOSPI,009900,명신산업,8480,117609,444946727840,8500.0,8409.0,236037.2,0.5,상승추세_유지
20261007,KOSPI,014680,한솔케미칼,269000,27333,2903595684000,271600.0,251900.0,54890.15,0.5,상승추세_유지
20261007,KOSDAQ,120240,대정화금,14770,3250,106202075070,14810.0,14787.0,6591.65,0.49,상승추세_유지
20261007,KOSPI,306200,세아제강,148500,6474,421190550000,151940.0,147950.0,13243.9,0.49,상승추세_유지
20261007,KOSDAQ,389020,자람테크놀로지,16170,56812,111655175940,16432.0,16265.0,115097.95,0.49,상승추세_유지
20261007,KOSDAQ,494120,큐리오시스,10270,50567,156717776280,10222.0,9277.0,103738.15,0.49,상승추세_유지
20261007,KOSPI,002100,경농,9000,7849,175703175000,9022.0,9005.0,16246.8,0.48,상승추세_유지
20261007,KOSDAQ,052860,아이앤씨,7520,41119,134358742080,7582.0,7411.0,85499.55,0.48,상승추세_유지
20261007,KOSPI,004490,세방전지,62700,34317,869022000000,62100.0,60720.0,73523.95,0.47,상승추세_유지
20261007,KOSPI,005430,한국공항,95600,2761,302703538000,95960.0,90240.0,5891.4,0.47,상승추세_유지
20261007,KOSDAQ,048870,시너지이노베이션,1605,106063,141411675615,1601.0,1562.8,223903.8,0.47,상승추세_유지
20261007,KOSDAQ,226590,엠디바이스,14750,35292,158072564000,14836.0,14668.0,76587.9,0.46,상승추세_유지
20261007,KOSPI,009155,삼성전기우,528000,13219,1534887552000,529000.0,524000.0,29353.45,0.45,상승추세_유지
20261007,KOSPI,126560,현대퓨처넷,3375,26289,368553510000,3382.0,3372.5,58787.95,0.45,상승추세_유지
20261007,KOSDAQ,321370,센서뷰,1908,4482434,134747254908,1856.0,1800.2,9938216.75,0.45,상승추세_유지
20261007,KOSDAQ,493330,지에프아이,12800,30360,102905766400,12518.0,12097.0,66889.75,0.45,상승추세_유지
20261007,KOSPI,000520,삼일제약,8530,46608,185031147830,8416.0,8261.0,105009.45,0.44,상승추세_유지
20261007,KOSPI,002350,넥센타이어,5760,64317,562566971520,5734.0,5673.0,144581.75,0.44,상승추세_유지
20261007,KOSDAQ,067630,HLB생명과학,4185,498339,510222887730,3975.0,3483.0,1121372.25,0.44,상승추세_유지
20261007,KOSDAQ,209640,와이제이링크,3965,658350,112777073890,3912.0,3828.5,1493021.65,0.44,상승추세_유지
20261007,KOSDAQ,264450,유비쿼스,11740,32587,172172887820,11586.0,11324.0,73374.15,0.44,상승추세_유지
20261007,KOSDAQ,267320,나인테크,2700,1179540,155021296500,2809.0,2539.5,2685756.95,0.44,상승추세_유지
20261007,KOSDAQ,338220,뷰노,8250,194680,115515039750,8288.0,7278.0,446941.55,0.44,상승추세_유지
20261007,KOSDAQ,052260,현대바이오랜드,4985,856693,149550000000,5119.0,4737.0,1991599.85,0.43,상승추세_유지
20261007,KOSDAQ,086960,MDS테크,2370,578443,100792947900,2352.0,2254.0,1351532.95,0.43,상승추세_유지
20261007,KOSDAQ,203650,드림시큐리티,2935,4348933,298502660540,2862.0,2803.5,10003352.85,0.43,상승추세_유지
20261007,KOSDAQ,322510,제이엘케이,5280,68511,135832709760,5184.0,5064.0,159721.35,0.43,상승추세_유지
20261007,KOSDAQ,486990,노타,20250,171287,433196707500,20356.0,20214.0,394191.6,0.43,상승추세_유지
20261007,KOSPI,013570,디와이,4170,13430,109752869610,4174.0,4162.0,31760.7,0.42,상승추세_유지
20261007,KOSDAQ,086820,바이오솔루션,6760,23542,175246814600,6774.0,6644.0,56034.55,0.42,상승추세_유지
20261007,KOSDAQ,136150,원일티엔아이,12900,103903,108115287000,11728.0,10016.0,250874.75,0.41,상승추세_유지
20261007,KOSDAQ,234340,헥토파이낸셜,22900,205500,319928022400,23130.0,22540.0,501757.9,0.41,상승추세_유지
20261007,KOSDAQ,446540,메가터치,10990,436928,319579429890,11130.0,10579.0,1062058.9,0.41,상승추세_유지
20261007,KOSDAQ,060150,인선이엔티,2980,13339,135779563760,2977.0,2901.0,33591.95,0.4,상승추세_유지
20261007,KOSDAQ,072950,빛샘전자,16240,1874154,130774386400,16258.0,14952.0,4666411.6,0.4,상승추세_유지
20261007,KOSDAQ,078340,컴투스,36900,40571,446169449700,37150.0,36505.0,102630.75,0.4,상승추세_유지
20261007,KOSDAQ,130580,나이스디앤비,6850,11764,105490000000,6846.0,6821.0,29768.45,0.4,상승추세_유지
20261007,KOSDAQ,396300,HT로보틱스,5720,1431523,151519940000,5890.0,5611.0,3554608.9,0.4,상승추세_유지
20261007,KOSDAQ,356680,엑스게이트,18940,2308743,540613738480,18916.0,18349.0,5899927.95,0.39,상승추세_유지
20261007,KOSPI,012030,DB,2015,412429,405365474995,2000.8,1850.2,1076475.0,0.38,상승추세_유지
20261007,KOSDAQ,424870,이뮨온시아,3485,547068,318536907465,3435.0,3374.0,1455840.75,0.38,상승추세_유지
20261007,KOSPI,487570,HS효성,50300,1292,187414128100,50900.0,50205.0,3370.0,0.38,상승추세_유지
20261007,KOSPI,003280,흥아해운,1841,3369612,442622239059,1829.2,1814.0,9324720.1,0.36,상승추세_유지
20261007,KOSDAQ,387690,레메디,18540,732302,141382165140,19230.0,19053.0,2038516.25,0.36,상승추세_유지
20261007,KOSDAQ,115310,인포바인,9580,1733,142086239420,9584.0,9523.0,4951.25,0.35,상승추세_유지
20261007,KOSDAQ,475400,씨메스로보틱스,18310,36066,216184229140,18746.0,18532.0,101915.35,0.35,상승추세_유지
20261007,KOSDAQ,441270,파인엠텍,9380,402917,396703884500,9396.0,9024.0,1243324.35,0.32,상승추세_유지
20261007,KOSDAQ,452190,한빛레이저,5990,1377258,143284136430,6180.0,5670.0,4398370.9,0.31,상승추세_유지
20261007,KOSDAQ,030530,원익홀딩스,29050,791629,2243763348050,28650.0,27880.0,2648020.65,0.3,상승추세_유지
20261007,KOSDAQ,228850,레이언스,8270,21827,137207685780,8410.0,8259.0,73333.2,0.3,상승추세_유지
20261007,KOSDAQ,297090,씨에스베어링,4985,33901,135940950000,4915.0,4746.5,113639.95,0.3,상승추세_유지
20261007,KOSDAQ,389650,넥스트바이오메디컬,31500,7526,260734509000,32080.0,31175.0,25562.3,0.29,상승추세_유지
20261007,KOSPI,044450,KSS해운,12230,43379,276123130750,12136.0,11749.0,155225.3,0.28,상승추세_유지
20261007,KOSDAQ,212560,네오오토,10520,100390,141876380960,10662.0,10522.0,364957.8,0.28,상승추세_유지
20261007,KOSDAQ,217820,원익피앤이,2405,296820,114128214395,2394.0,2339.5,1073828.65,0.28,상승추세_유지
20261007,KOSPI,016580,환인제약,10180,5945,189348712600,10144.0,10104.0,21859.9,0.27,상승추세_유지
20261007,KOSDAQ,950250,테라뷰,4210,611994,150284083720,4164.0,3849.0,2361883.8,0.26,상승추세_유지
20261007,KOSDAQ,187660,페니트리움바이오,6780,596985,433691195340,7184.0,6991.0,2407162.1,0.25,상승추세_유지
20261007,KOSDAQ,294570,쿠콘,26600,39521,268440071200,26870.0,26765.0,162088.1,0.24,상승추세_유지
20261007,KOSDAQ,478340,나라스페이스테크놀로지,15290,404743,177523245350,15468.0,14652.0,1677748.95,0.24,상승추세_유지
20261007,KOSDAQ,0039P0,매드업,8020,632967,150835348000,8112.0,8078.0,2830154.35,0.22,상승추세_유지
20261007,KOSDAQ,115440,우리넷,11500,599386,124134358000,11928.0,11455.0,2834965.25,0.21,상승추세_유지
20261007,KOSDAQ,240550,동방메디컬,6380,96985,133558537200,6342.0,6270.0,468691.95,0.21,상승추세_유지
20261007,KOSDAQ,289080,SV인베스트먼트,2680,463750,161170464440,2726.0,2712.0,2230125.15,0.21,상승추세_유지
20261007,KOSDAQ,419050,삼기에너지솔루션즈,1774,714045,101466129760,1809.4,1775.7,3361719.65,0.21,상승추세_유지
20261007,KOSPI,014280,금강공업,4595,186269,134768395415,4654.0,4622.0,921413.75,0.2,상승추세_유지
20261007,KOSDAQ,950260,인제니아테라퓨틱스(Reg.S),27900,434606,1379504535300,28190.0,25995.0,2201907.6,0.2,상승추세_유지
20261007,KOSPI,001045,CJ우,66500,838,150304829500,66580.0,66530.0,5965.65,0.14,상승추세_유지
20261007,KOSPI,028100,동아지질,19770,17144,221861253090,19740.0,19625.0,125689.65,0.14,상승추세_유지
20261007,KOSDAQ,334970,프레스티지바이오로직스,1406,20760,109320207622,1403.8,1382.9,166004.45,0.13,상승추세_유지
20261007,KOSDAQ,307750,국전,2770,16521510,149542017760,2430.0,2362.0,944646.75,17.49,최근3거래일_골든크로스
20261007,KOSDAQ,038500,삼표시멘트,7820,19643368,843905512920,6932.0,6789.0,1254729.05,15.66,최근3거래일_골든크로스
20261007,KOSDAQ,126600,BGF에코머티리얼즈,3280,3178648,205875428720,3166.0,3083.5,214191.75,14.84,최근3거래일_골든크로스
20261007,KOSDAQ,142280,녹십자엠에스,4200,21850686,100644730200,3489.0,3349.0,1834091.2,11.91,최근3거래일_골든크로스
20261007,KOSPI,000650,천일고속,180300,25162,257688366000,148580.0,146150.0,2247.75,11.19,최근3거래일_골든크로스
20261007,KOSPI,003220,대원제약,8250,337471,185027559750,7924.0,7880.0,38480.55,8.77,최근3거래일_골든크로스
20261007,KOSDAQ,095700,제넥신,3015,2089786,137304589410,2829.0,2804.0,255545.9,8.18,최근3거래일_골든크로스
20261007,KOSPI,019170,신풍제약,11010,3637320,577127927220,9668.0,9446.0,446890.5,8.14,최근3거래일_골든크로스
20261007,KOSDAQ,042510,라온시큐어,16710,18485888,185578385880,13036.0,12108.0,2604973.8,7.1,최근3거래일_골든크로스
20261007,KOSDAQ,101730,위메이드맥스,5570,4656881,466784303020,4800.0,4738.5,826595.05,5.63,최근3거래일_골든크로스
20261007,KOSPI,085620,미래에셋생명,22650,619843,3061827000000,20220.0,19811.0,130849.7,4.74,최근3거래일_골든크로스
20261007,KOSPI,005250,녹십자홀딩스,9940,260446,467460407400,9734.0,9635.0,56261.9,4.63,최근3거래일_골든크로스
20261007,KOSDAQ,065660,안트로젠,16210,86829,162198881000,15186.0,14898.0,19821.95,4.38,최근3거래일_골든크로스
20261007,KOSDAQ,211270,AP위성,8560,546255,129104522240,9174.0,9091.0,125926.0,4.34,최근3거래일_골든크로스
20261007,KOSPI,226320,잇츠한불,11760,99483,257888744400,10956.0,10756.0,25827.25,3.85,최근3거래일_골든크로스
20261007,KOSPI,009070,KCTC,4175,449028,125250000000,4094.0,4079.0,117042.35,3.84,최근3거래일_골든크로스
20261007,KOSDAQ,458650,성우,8170,29953,122923123900,7780.0,7688.0,8126.6,3.69,최근3거래일_골든크로스
20261007,KOSPI,012320,경동인베스트,47650,32335,112693345950,44390.0,44225.0,9413.5,3.43,최근3거래일_골든크로스
20261007,KOSDAQ,158430,아톤,6990,11617301,171129823080,6038.0,5759.0,3590981.75,3.24,최근3거래일_골든크로스
20261007,KOSPI,018670,SK가스,270500,31055,2507330502000,249300.0,245250.0,10929.0,2.84,최근3거래일_골든크로스
20261007,KOSDAQ,488900,비츠로넥스텍,10900,490469,315843228700,11150.0,10912.0,174066.35,2.82,최근3거래일_골든크로스
20261007,KOSDAQ,061090,세나테크놀로지,43700,46147,238931935000,40840.0,38840.0,16473.75,2.8,최근3거래일_골든크로스
20261007,KOSDAQ,107640,한중엔시에스,47050,282400,426505709300,43500.0,41760.0,100679.05,2.8,최근3거래일_골든크로스
20261007,KOSDAQ,012210,삼미금속,13720,18061287,316267663880,12424.0,12312.0,6643651.65,2.72,최근3거래일_골든크로스
20261007,KOSPI,003670,포스코퓨처엠,191400,779889,17024306508000,188860.0,184710.0,326704.8,2.39,최근3거래일_골든크로스
20261007,KOSPI,004700,조광피혁,66500,1737,442167677000,66660.0,66570.0,735.1,2.36,최근3거래일_골든크로스
20261007,KOSDAQ,006730,서부T&D,11820,742797,759753229860,11238.0,11040.0,319333.15,2.33,최근3거래일_골든크로스
20261007,KOSPI,037270,YG PLUS,3155,231151,200857112050,3106.0,3102.5,100523.95,2.3,최근3거래일_골든크로스
20261007,KOSPI,001360,삼성제약,1434,1051254,135028421286,1419.6,1363.7,463408.75,2.27,최근3거래일_골든크로스
20261007,KOSDAQ,474170,루미르,6840,152999,121873040640,7090.0,7060.0,68325.2,2.24,최근3거래일_골든크로스
20261007,KOSPI,010120,LS ELECTRIC,205500,865767,30825000000000,208700.0,207950.0,403077.3,2.15,최근3거래일_골든크로스
20261007,KOSDAQ,011040,경동제약,5060,55574,155689955960,5034.0,5030.0,25834.8,2.15,최근3거래일_골든크로스
20261007,KOSPI,001460,BYC,37800,6487,236104470000,36280.0,35945.0,3031.15,2.14,최근3거래일_골든크로스
20261007,KOSPI,102460,이연제약,10240,44191,190328944640,10108.0,10077.0,21274.35,2.08,최근3거래일_골든크로스
20261007,KOSPI,079550,LIG디펜스앤에어로스페이스,659000,180171,14498000000000,706000.0,702200.0,87866.75,2.05,최근3거래일_골든크로스
20261007,KOSPI,000400,롯데손해보험,2240,653767,695153356800,2144.0,2094.5,330994.75,1.98,최근3거래일_골든크로스
20261007,KOSPI,012750,에스원,83800,135181,3184331116400,83480.0,83450.0,69719.3,1.94,최근3거래일_골든크로스
20261007,KOSPI,192820,코스맥스,308500,203211,3501323526500,284500.0,278800.0,106438.75,1.91,최근3거래일_골든크로스
20261007,KOSPI,004250,NPC,2900,29748,106488000000,2860.0,2850.0,15744.55,1.89,최근3거래일_골든크로스
20261007,KOSDAQ,069540,빛과전자,5210,47620986,587124783370,4575.0,4295.5,25648681.3,1.86,최근3거래일_골든크로스
20261007,KOSDAQ,347700,스피어,26200,2660358,1350645684400,24530.0,23525.0,1434798.35,1.85,최근3거래일_골든크로스
20261007,KOSDAQ,003380,하림지주,11470,692370,1284704472870,11218.0,11082.0,378711.0,1.83,최근3거래일_골든크로스
20261007,KOSDAQ,243840,신흥에스이씨,6090,279194,234819651150,5852.0,5674.0,152363.3,1.83,최근3거래일_골든크로스
20261007,KOSDAQ,106190,하이텍팜,10060,38281,106969720380,10010.0,9971.0,21053.15,1.82,최근3거래일_골든크로스
20261007,KOSPI,128940,한미약품,534000,191955,6841069194000,511900.0,509750.0,106836.35,1.8,최근3거래일_골든크로스
20261007,KOSDAQ,189300,인텔리안테크,68500,117066,735518544500,70080.0,69070.0,65350.0,1.79,최근3거래일_골든크로스
20261007,KOSPI,217590,티엠씨,18890,4722224,455139910250,16834.0,15522.0,2682391.05,1.76,최근3거래일_골든크로스
20261007,KOSPI,015890,태경산업,4835,26162,141321006250,4775.0,4761.5,15514.85,1.69,최근3거래일_골든크로스
20261007,KOSDAQ,452450,피아이이,5840,1363085,210406440000,5496.0,5354.0,824687.0,1.65,최근3거래일_골든크로스
20261007,KOSPI,031430,신세계인터내셔날,10810,84228,378198660000,10560.0,10522.0,51624.25,1.63,최근3거래일_골든크로스
20261007,KOSPI,377740,바이오노트,4700,62116,478864425600,4682.0,4668.0,38929.0,1.6,최근3거래일_골든크로스
20261007,KOSPI,278470,에이피알,379000,375758,14189060745000,367600.0,366500.0,238049.95,1.58,최근3거래일_골든크로스
20261007,KOSDAQ,318060,그래피,16230,75553,181684738710,16018.0,15926.0,47708.7,1.58,최근3거래일_골든크로스
20261007,KOSPI,051915,LG화학우,122400,33920,940369701600,117040.0,115950.0,21583.2,1.57,최근3거래일_골든크로스
20261007,KOSPI,214420,토니모리,5080,75432,122198378920,5047.0,5024.5,48826.0,1.54,최근3거래일_골든크로스
20261007,KOSPI,028670,팬오션,6210,4342261,3319676669520,6020.0,5868.0,2831894.2,1.53,최근3거래일_골든크로스
20261007,KOSDAQ,347850,디앤디파마텍,46100,814627,2120424312900,44750.0,44080.0,532820.1,1.53,최근3거래일_골든크로스
20261007,KOSPI,064400,LG씨엔에스,69100,696414,6694819006800,70820.0,70410.0,458877.25,1.52,최근3거래일_골든크로스
20261007,KOSPI,484870,엠앤씨솔루션,19270,192678,529186959000,18404.0,18161.0,126767.4,1.52,최근3거래일_골든크로스
20261007,KOSDAQ,300080,플리토,8110,117464,134070067610,8872.0,8791.0,77715.55,1.51,최근3거래일_골든크로스
20261007,KOSDAQ,199820,제일일렉트릭,7760,197218,172427200000,7786.0,7705.0,132424.05,1.49,최근3거래일_골든크로스
20261007,KOSDAQ,060370,LS마린솔루션,33900,210934,1770897150600,33530.0,33260.0,145919.55,1.45,최근3거래일_골든크로스
20261007,KOSPI,012800,대창,1150,460065,104811573850,1182.4,1176.5,321288.4,1.43,최근3거래일_골든크로스
20261007,KOSPI,123690,한국화장품,6590,385234,105888120000,6440.0,6391.0,271610.1,1.42,최근3거래일_골든크로스
20261007,KOSDAQ,0008Z0,에스엔시스,23850,21424,225062051400,23590.0,23415.0,15292.75,1.4,최근3거래일_골든크로스
20261007,KOSDAQ,039200,오스코텍,39700,149742,1518849587200,37820.0,36785.0,106749.35,1.4,최근3거래일_골든크로스
20261007,KOSDAQ,043150,바텍,17420,30635,258761139520,17638.0,17598.0,21956.55,1.4,최근3거래일_골든크로스
20261007,KOSDAQ,376270,HEM파마,33900,11902,244729083300,33600.0,33555.0,8489.65,1.4,최근3거래일_골든크로스
20261007,KOSDAQ,141080,리가켐바이오,80500,275838,2980063149000,82540.0,81490.0,199011.15,1.39,최근3거래일_골든크로스
20261007,KOSPI,001440,대한전선,29800,3965040,5840579360800,30570.0,30450.0,2884834.3,1.37,최근3거래일_골든크로스
20261007,KOSPI,004430,송원산업,11760,126340,282240000000,11442.0,11395.0,92207.15,1.37,최근3거래일_골든크로스
20261007,KOSDAQ,104480,티케이케미칼,1887,239776,171519683958,1834.6,1830.0,175237.2,1.37,최근3거래일_골든크로스
20261007,KOSPI,145720,덴티움,40000,17850,344955640000,38540.0,37785.0,13014.9,1.37,최근3거래일_골든크로스
20261007,KOSPI,053210,스카이라이프,4050,36167,192467967750,4013.0,4007.5,26697.4,1.35,최근3거래일_골든크로스
20261007,KOSDAQ,476830,알지노믹스,28300,386703,793968838800,28010.0,26655.0,287087.75,1.35,최근3거래일_골든크로스
20261007,KOSPI,008490,서흥,20900,18456,241794461700,20292.0,20204.0,13798.2,1.34,최근3거래일_골든크로스
20261007,KOSPI,001060,JW중외제약,27650,52359,643855964500,27080.0,26935.0,39355.35,1.33,최근3거래일_골든크로스
20261007,KOSPI,016450,한세예스24홀딩스,4305,12846,172200000000,4319.0,4314.5,9628.5,1.33,최근3거래일_골든크로스
20261007,KOSPI,035150,백산,10380,17968,205223800020,10476.0,10444.0,13482.6,1.33,최근3거래일_골든크로스
20261007,KOSPI,081660,미스토홀딩스,39200,168197,2081200128000,38390.0,38270.0,127254.0,1.32,최근3거래일_골든크로스
20261007,KOSPI,204320,HL만도,45600,334481,2141244672000,46550.0,46370.0,252501.7,1.32,최근3거래일_골든크로스
20261007,KOSPI,002390,한독,8650,11168,119054560450,8542.0,8476.0,8524.9,1.31,최근3거래일_골든크로스
20261007,KOSDAQ,101170,우림피티에스,9010,83480,121635000000,8780.0,8645.0,63949.2,1.31,최근3거래일_골든크로스
20261007,KOSPI,403550,쏘카,11500,19146,436309333000,11126.0,10918.0,14613.8,1.31,최근3거래일_골든크로스
20261007,KOSDAQ,336680,탑런토탈솔루션,3015,26868,118023857370,2986.0,2976.0,20677.4,1.3,최근3거래일_골든크로스
20261007,KOSDAQ,095500,미래나노텍,7070,87459,219240692930,6972.0,6728.0,68168.35,1.28,최근3거래일_골든크로스
20261007,KOSPI,001130,대한제분,11210,16271,189449000000,11046.0,10996.0,12850.7,1.27,최근3거래일_골든크로스
20261007,KOSPI,083420,그린케미칼,4725,21262,113400000000,4694.0,4671.5,16712.55,1.27,최근3거래일_골든크로스
20261007,KOSDAQ,082800,비보존 제약,3030,197810,183980587980,2946.0,2883.5,158374.65,1.25,최근3거래일_골든크로스
20261007,KOSPI,373220,LG에너지솔루션,391000,354152,91494000000000,373900.0,364000.0,284306.55,1.25,최근3거래일_골든크로스
20261007,KOSPI,003240,태광산업,924000,1137,1028781600000,907600.0,904900.0,940.2,1.21,최근3거래일_골든크로스
20261007,KOSPI,0120G0,삼양바이오팜,49900,40958,371049913000,48930.0,47785.0,33938.95,1.21,최근3거래일_골든크로스
20261007,KOSPI,014580,태경비케이,3970,44394,109504907000,3868.0,3833.0,36679.9,1.21,최근3거래일_골든크로스
20261007,KOSDAQ,054210,이랜텍,7180,127735,181590887800,6904.0,6819.0,105482.15,1.21,최근3거래일_골든크로스
20261007,KOSDAQ,079960,동양이엔피,16580,27681,125206489640,16830.0,16802.0,23016.95,1.2,최근3거래일_골든크로스
20261007,KOSPI,006405,삼성SDI우,221500,4907,358363964000,213300.0,212550.0,4169.9,1.18,최근3거래일_골든크로스
20261007,KOSDAQ,307180,아이엘,5650,297517,208573569400,5778.0,5764.0,251450.75,1.18,최근3거래일_골든크로스
20261007,KOSPI,005610,삼립,41100,3247,354652269900,41060.0,40065.0,2788.5,1.16,최근3거래일_골든크로스
20261007,KOSDAQ,114190,강원에너지,9200,115067,240331949600,8962.0,8654.0,99317.55,1.16,최근3거래일_골든크로스
20261007,KOSPI,003850,보령,8770,134217,752353805390,8506.0,8383.0,116322.9,1.15,최근3거래일_골든크로스
20261007,KOSDAQ,123040,엠에스오토텍,1718,74052,107595417682,1664.0,1658.3,64566.5,1.15,최근3거래일_골든크로스
20261007,KOSDAQ,091580,상신이디피,24550,344778,327207776450,22740.0,21895.0,305412.6,1.13,최근3거래일_골든크로스
20261007,KOSPI,439260,대한조선,46600,34891,1774934818000,46190.0,45950.0,30825.65,1.13,최근3거래일_골든크로스
20261007,KOSDAQ,439090,마녀공장,16050,162416,263111823000,15372.0,15364.0,144623.15,1.12,최근3거래일_골든크로스
20261007,KOSDAQ,298830,슈어소프트테크,4275,183506,228535083225,4298.0,4191.0,164795.8,1.11,최근3거래일_골든크로스
20261007,KOSPI,084690,대상홀딩스,7860,29440,284630548680,7842.0,7816.0,26724.35,1.1,최근3거래일_골든크로스
20261007,KOSDAQ,092190,서울바이오시스,8000,203651,366947064000,8568.0,8330.0,184499.8,1.1,최근3거래일_골든크로스
20261007,KOSDAQ,100700,세운메디칼,2345,76973,102711000000,2318.0,2311.0,70506.0,1.09,최근3거래일_골든크로스
20261007,KOSPI,003620,KG모빌리티,2600,458273,526174771200,2545.0,2530.0,431260.65,1.06,최근3거래일_골든크로스
20261007,KOSPI,003720,삼영,6450,148888,219300000000,6452.0,6438.0,140474.85,1.06,최근3거래일_골든크로스
20261007,KOSPI,058430,포스코스틸리온,4470,230471,268200000000,4586.0,4577.5,216511.0,1.06,최근3거래일_골든크로스
20261007,KOSDAQ,094820,일진파워,12090,111287,182301591810,12104.0,12000.0,106181.15,1.05,최근3거래일_골든크로스
20261007,KOSDAQ,194700,노바렉스,10570,47010,192953743360,10376.0,10279.0,44568.75,1.05,최근3거래일_골든크로스
20261007,KOSDAQ,010170,대한광통신,17940,16404602,2789412740400,17590.0,17506.0,15800991.65,1.04,최근3거래일_골든크로스
20261007,KOSDAQ,024840,KBI메탈,6100,2768291,265144838700,6294.0,6258.0,2686369.9,1.03,최근3거래일_골든크로스
20261007,KOSPI,014710,사조씨푸드,9960,5003,171496688280,9874.0,9734.0,4905.25,1.02,최근3거래일_골든크로스
20261007,KOSPI,016380,KG스틸,5600,258639,560049823200,5666.0,5642.0,252554.35,1.02,최근3거래일_골든크로스
20261007,KOSPI,089470,HDC현대EP,3825,39990,122017500000,3793.0,3792.5,39245.8,1.02,최근3거래일_골든크로스
20261007,KOSDAQ,171090,선익시스템,72600,42790,735265647600,73300.0,71600.0,42529.8,1.01,최근3거래일_골든크로스
20261007,KOSDAQ,036620,감성코퍼레이션,3835,196910,344624390240,3760.0,3728.5,197339.45,1.0,최근3거래일_골든크로스
20261007,KOSDAQ,039560,다산네트웍스,2885,372841,123733230180,2797.0,2652.5,371827.1,1.0,최근3거래일_골든크로스
20261007,KOSPI,272210,한화시스템,77600,694543,14660144586400,79220.0,76820.0,692504.75,1.0,최근3거래일_골든크로스
20261007,KOSDAQ,317330,덕산테코피아,13750,123730,281553030000,13110.0,12892.0,124286.0,1.0,최근3거래일_골든크로스
20261007,KOSDAQ,950140,잉글우드랩,8260,12658,164108573160,8204.0,8203.0,12642.05,1.0,최근3거래일_골든크로스
20261007,KOSPI,006400,삼성SDI,562000,341875,45289067860000,539600.0,532500.0,345921.95,0.99,최근3거래일_골든크로스
20261007,KOSPI,008730,율촌화학,15780,51299,391344000000,15172.0,14966.0,51600.05,0.99,최근3거래일_골든크로스
20261007,KOSDAQ,336570,원텍,5090,382959,454438488140,5023.0,4948.5,388596.15,0.99,최근3거래일_골든크로스
20261007,KOSPI,033240,자화전자,27450,71587,593071029900,27480.0,27070.0,73416.35,0.98,최근3거래일_골든크로스
20261007,KOSDAQ,267980,매일유업,34750,4056,266311420500,34120.0,33820.0,4124.3,0.98,최근3거래일_골든크로스
20261007,KOSPI,034220,LG디스플레이,8250,2807479,4125000000000,8460.0,8457.0,2897031.95,0.97,최근3거래일_골든크로스
20261007,KOSDAQ,368770,파이버프로,14020,197211,460616234500,13926.0,13522.0,202476.75,0.97,최근3거래일_골든크로스
20261007,KOSPI,100090,SK오션플랜트,12400,498781,774728799600,12170.0,11857.0,526063.2,0.95,최근3거래일_골든크로스
20261007,KOSPI,001120,LX인터내셔널,43950,99654,1703502000000,43420.0,42170.0,106324.9,0.94,최근3거래일_골든크로스
20261007,KOSDAQ,304100,솔트룩스,14840,66676,186892808200,15148.0,15066.0,71187.4,0.94,최근3거래일_골든크로스
20261007,KOSDAQ,009520,포스코엠텍,13200,128768,549683679600,12992.0,12698.0,138371.75,0.93,최근3거래일_골든크로스
20261007,KOSDAQ,017510,세명전기,7670,172527,116936820000,7792.0,7761.0,186297.0,0.93,최근3거래일_골든크로스
20261007,KOSDAQ,019210,와이지-원,12500,444908,464921600000,12706.0,12597.0,479727.5,0.93,최근3거래일_골든크로스
20261007,KOSPI,249420,일동제약,14810,213675,468562512120,14514.0,14239.0,230605.75,0.93,최근3거래일_골든크로스
20261007,KOSDAQ,014940,오리엔탈정공,4450,106929,202802791450,4504.0,4497.0,115704.2,0.92,최근3거래일_골든크로스
20261007,KOSDAQ,226950,올릭스,122700,220899,2806745076600,116300.0,109970.0,239802.5,0.92,최근3거래일_골든크로스
20261007,KOSDAQ,011560,세보엠이씨,23350,59256,235481761200,24340.0,24100.0,65296.75,0.91,최근3거래일_골든크로스
20261007,KOSPI,051910,LG화학,277000,173596,19554078457000,265300.0,260400.0,190234.15,0.91,최근3거래일_골든크로스
20261007,KOSPI,126720,수산인더스트리,21750,20379,310720500000,21470.0,21460.0,22407.05,0.91,최근3거래일_골든크로스
20261007,KOSPI,017960,한국카본,20250,139331,1046448841500,20330.0,20326.0,154008.6,0.9,최근3거래일_골든크로스
20261007,KOSDAQ,049630,재영솔루텍,7050,179325,164724229950,7170.0,7115.0,199975.8,0.9,최근3거래일_골든크로스
20261007,KOSPI,077970,STX엔진,22100,122035,887272192300,22470.0,22345.0,135884.2,0.9,최근3거래일_골든크로스
20261007,KOSDAQ,205500,넥써쓰,1778,134666,148572875066,1800.6,1790.8,151885.65,0.89,최근3거래일_골든크로스
20261007,KOSPI,003120,일성아이에스,22200,4373,295260000000,22040.0,21930.0,4973.3,0.88,최근3거래일_골든크로스
20261007,KOSPI,011280,태림포장,1537,49877,108828729780,1454.8,1424.7,57047.9,0.87,최근3거래일_골든크로스
20261007,KOSDAQ,084110,휴온스글로벌,23950,26776,303202497400,22840.0,22260.0,31242.3,0.86,최근3거래일_골든크로스
20261007,KOSDAQ,049960,쎌바이오텍,15220,6310,143068000000,15350.0,15222.0,7384.5,0.85,최근3거래일_골든크로스
20261007,KOSDAQ,067900,와이엔텍,5860,14413,106650001740,5908.0,5906.0,16966.9,0.85,최근3거래일_골든크로스
20261007,KOSPI,092200,디아이씨,5710,178344,222053728990,5690.0,5632.0,208913.85,0.85,최근3거래일_골든크로스
20261007,KOSPI,000100,유한양행,75000,168036,5521183575000,74600.0,74550.0,199184.7,0.84,최근3거래일_골든크로스
20261007,KOSPI,001740,SK네트웍스,6370,586371,1277783072930,6426.0,6278.0,695806.65,0.84,최근3거래일_골든크로스
20261007,KOSPI,004970,신라교역,8930,7463,142880000000,9026.0,9018.0,8979.2,0.83,최근3거래일_골든크로스
20261007,KOSPI,010690,화신,7550,94767,263649095500,7568.0,7504.0,113663.2,0.83,최근3거래일_골든크로스
20261007,KOSPI,200880,서연이화,11050,19922,298664228850,11082.0,10988.0,23971.7,0.83,최근3거래일_골든크로스
20261007,KOSPI,003520,영진약품,1069,326688,195512329439,1046.4,1036.6,400212.7,0.82,최근3거래일_골든크로스
20261007,KOSPI,033270,유나이티드제약,17970,22755,285916626750,17732.0,17720.0,27634.05,0.82,최근3거래일_골든크로스
20261007,KOSDAQ,042370,비츠로테크,10720,1271567,280864268000,11096.0,10959.0,1549835.8,0.82,최근3거래일_골든크로스
20261007,KOSDAQ,340570,티앤엘,28550,51626,458801926000,27990.0,27985.0,62902.85,0.82,최근3거래일_골든크로스
20261007,KOSDAQ,023410,유진기업,3235,163424,250100641805,3249.0,3241.5,202583.85,0.81,최근3거래일_골든크로스
20261007,KOSDAQ,056080,유진로봇,12210,364856,466855284060,12308.0,12189.0,451941.75,0.81,최근3거래일_골든크로스
20261007,KOSPI,009420,한올바이오파마,45800,192166,2392621220400,46460.0,45830.0,239751.25,0.8,최근3거래일_골든크로스
20261007,KOSPI,097230,HJ중공업,14870,193211,1342691765280,15058.0,14970.0,243117.7,0.79,최근3거래일_골든크로스
20261007,KOSPI,170900,동아에스티,35400,6160,344366987400,34960.0,34925.0,7839.45,0.79,최근3거래일_골든크로스
20261007,KOSDAQ,214150,클래시스,30700,111355,2002734731300,30850.0,30795.0,141325.15,0.79,최근3거래일_골든크로스
20261007,KOSPI,002240,고려제강,16720,28126,451440000000,16904.0,16808.0,36049.75,0.78,최근3거래일_골든크로스
20261007,KOSDAQ,114840,아이패밀리에스씨,8360,19875,139456378600,8324.0,8316.0,25432.3,0.78,최근3거래일_골든크로스
20261007,KOSDAQ,298380,에이비엘바이오,51100,285829,2860959359300,51420.0,51240.0,372027.55,0.77,최근3거래일_골든크로스
20261007,KOSDAQ,090710,휴림로봇,6280,940843,750830702120,6338.0,6313.0,1232157.55,0.76,최근3거래일_골든크로스
20261007,KOSDAQ,474650,링크솔루션,26800,27540,154187957600,28110.0,27685.0,36378.15,0.76,최근3거래일_골든크로스
20261007,KOSPI,036460,한국가스공사,36400,115116,3360193200000,35680.0,35635.0,152930.2,0.75,최근3거래일_골든크로스
20261007,KOSDAQ,039840,디오,9900,44353,132816697200,9792.0,9676.0,59682.4,0.74,최근3거래일_골든크로스
20261007,KOSDAQ,143160,아이디스,15990,2459,171355076100,15982.0,15954.0,3318.65,0.74,최근3거래일_골든크로스
20261007,KOSDAQ,217270,넵튠,2430,34935,110940087510,2402.0,2389.0,47087.55,0.74,최근3거래일_골든크로스
20261007,KOSDAQ,214180,헥토이노베이션,14240,31659,185025546080,13998.0,13984.0,43211.4,0.73,최근3거래일_골든크로스
20261007,KOSPI,293480,하나제약,8480,10293,150714582080,8366.0,8285.0,14055.35,0.73,최근3거래일_골든크로스
20261007,KOSPI,001080,만호제강,3865,34286,135719320400,3924.0,3845.0,47672.15,0.72,최근3거래일_골든크로스
20261007,KOSPI,012330,현대모비스,373500,188601,33547988497500,377200.0,373900.0,261440.3,0.72,최근3거래일_골든크로스
20261007,KOSDAQ,309960,LB인베스트먼트,4335,29762,100646731065,4315.0,4312.5,41150.2,0.72,최근3거래일_골든크로스
20261007,KOSPI,022100,포스코DX,21050,201348,3200331045450,20842.0,20491.0,282706.95,0.71,최근3거래일_골든크로스
20261007,KOSPI,047050,포스코인터내셔널,57200,380369,10062783473600,56660.0,56440.0,533762.05,0.71,최근3거래일_골든크로스
20261007,KOSDAQ,310210,보로노이,146800,56854,2732911448400,146200.0,144970.0,79793.95,0.71,최근3거래일_골든크로스
20261007,KOSPI,000680,LS네트웍스,2955,33122,232862912280,2953.0,2942.5,49088.2,0.67,최근3거래일_골든크로스
20261007,KOSPI,068270,셀트리온,183500,254258,42685251796000,181960.0,180430.0,382162.05,0.67,최근3거래일_골든크로스
20261007,KOSPI,069620,대웅제약,110400,10061,1279157880000,108920.0,108350.0,15014.3,0.67,최근3거래일_골든크로스
20261007,KOSDAQ,101970,우양에이치씨,10090,3394,149231190810,9770.0,9662.0,5032.65,0.67,최근3거래일_골든크로스
20261007,KOSDAQ,013120,동원개발,2080,39981,188880848000,2091.0,2088.0,60906.45,0.66,최근3거래일_골든크로스
20261007,KOSDAQ,015750,성우하이텍,5920,111465,473600000000,5886.0,5852.0,168726.75,0.66,최근3거래일_골든크로스
20261007,KOSDAQ,056090,시지메드텍,6100,143335,125976022700,2172.0,1681.0,218455.85,0.66,최근3거래일_골든크로스
20261007,KOSDAQ,270660,에브리봇,13660,16158,173353363780,13586.0,13520.0,24309.2,0.66,최근3거래일_골든크로스
20261007,KOSPI,460860,동국제강,9670,211412,479709524390,9748.0,9704.0,322346.15,0.66,최근3거래일_골든크로스
20261007,KOSDAQ,460930,현대힘스,12820,71530,455246802220,12988.0,12964.0,108319.3,0.66,최근3거래일_골든크로스
20261007,KOSPI,298050,HS효성첨단소재,162700,4974,728887539600,162900.0,162180.0,7597.25,0.65,최근3거래일_골든크로스
20261007,KOSDAQ,357550,석경에이티,32500,1515,177287500000,31970.0,31275.0,2326.4,0.65,최근3거래일_골든크로스
20261007,KOSDAQ,278280,천보,38450,17233,471128811250,37710.0,36390.0,26724.55,0.64,최근3거래일_골든크로스
20261007,KOSPI,003960,사조대림,27250,1821,249731725750,27330.0,27065.0,2877.4,0.63,최근3거래일_골든크로스
20261007,KOSDAQ,059210,메타바이오메드,3740,44148,101621204300,3689.0,3683.5,69847.85,0.63,최근3거래일_골든크로스
20261007,KOSDAQ,064820,케이프,7890,21795,243487096350,7870.0,7784.0,34619.25,0.63,최근3거래일_골든크로스
20261007,KOSDAQ,082920,비츠로셀,29550,184510,1333871545350,29310.0,28955.0,290694.55,0.63,최근3거래일_골든크로스
20261007,KOSPI,120110,코오롱인더,56000,117073,1676977792000,56020.0,55750.0,185794.75,0.63,최근3거래일_골든크로스
20261007,KOSDAQ,277810,레인보우로보틱스,447000,40516,8671736526000,443900.0,436800.0,64071.3,0.63,최근3거래일_골든크로스
20261007,KOSDAQ,323990,박셀바이오,4370,89088,101634597650,4315.0,4299.5,140408.75,0.63,최근3거래일_골든크로스
20261007,KOSDAQ,466100,클로봇,23000,150426,711935997000,23280.0,23060.0,239811.75,0.63,최근3거래일_골든크로스
20261007,KOSDAQ,264850,이랜시스,5820,334237,176314641840,5816.0,5732.0,541293.25,0.62,최근3거래일_골든크로스
20261007,KOSDAQ,282880,코윈로보틱스,11110,27735,129921251020,11104.0,10963.0,44959.25,0.62,최근3거래일_골든크로스
20261007,KOSDAQ,297890,HB솔루션,1615,160312,118122576110,1634.8,1605.6,264915.9,0.61,최근3거래일_골든크로스
20261007,KOSPI,014820,동원시스템즈,21650,13793,627661255300,21430.0,21225.0,23467.45,0.59,최근3거래일_골든크로스
20261007,KOSDAQ,054920,한컴위드,5270,1886401,148704016870,5057.0,4915.0,3190779.9,0.59,최근3거래일_골든크로스
20261007,KOSPI,021240,코웨이,102200,116501,7232430937200,100660.0,100550.0,200526.85,0.58,최근3거래일_골든크로스
20261007,KOSDAQ,036800,나이스정보통신,8180,79607,372190000000,8102.0,7858.0,136895.0,0.58,최근3거래일_골든크로스
20261007,KOSDAQ,058610,에스피지,99900,202238,2215518264000,101160.0,99940.0,354860.25,0.57,최근3거래일_골든크로스
20261007,KOSDAQ,358570,지아이이노베이션,8910,192027,574837613460,8858.0,8787.0,334248.45,0.57,최근3거래일_골든크로스
20261007,KOSDAQ,448900,한국피아이엠,54400,35397,330450460800,55260.0,54800.0,61831.85,0.57,최근3거래일_골든크로스
20261007,KOSDAQ,090360,로보스타,78300,55960,763425000000,78580.0,78050.0,100039.75,0.56,최근3거래일_골든크로스
20261007,KOSDAQ,100590,머큐리,5950,1216242,101980292750,5592.0,5236.5,2162804.9,0.56,최근3거래일_골든크로스
20261007,KOSDAQ,388720,유일로보틱스,69500,18234,818803477500,69800.0,69050.0,32422.05,0.56,최근3거래일_골든크로스
20261007,KOSPI,005690,파미셀,13020,898263,781252262280,12670.0,12519.0,1629898.2,0.55,최근3거래일_골든크로스
20261007,KOSPI,006060,화승인더,2250,31296,124470000000,2228.0,2223.0,56530.0,0.55,최근3거래일_골든크로스
20261007,KOSDAQ,038540,상상인,1958,27925,108332836854,1914.2,1905.9,51004.6,0.55,최근3거래일_골든크로스
20261007,KOSDAQ,068760,셀트리온제약,40100,45381,1780533513200,39180.0,39120.0,82823.75,0.55,최근3거래일_골든크로스
20261007,KOSPI,004380,삼익THK,7660,12025,158562000000,7678.0,7582.0,22246.75,0.54,최근3거래일_골든크로스
20261007,KOSDAQ,125490,한라캐스트,12900,1089556,470880340800,12720.0,12404.0,2018972.0,0.54,최근3거래일_골든크로스
20261007,KOSPI,344820,KCC글라스,24000,6911,383292288000,23980.0,23865.0,12728.75,0.54,최근3거래일_골든크로스
20261007,KOSDAQ,417010,나노팀,6570,139850,132534822960,6500.0,6433.0,258652.4,0.54,최근3거래일_골든크로스
20261007,KOSDAQ,469610,이노테크,15950,47477,142639255000,15862.0,15772.0,87156.15,0.54,최근3거래일_골든크로스
20261007,KOSPI,002210,동성제약,1293,49811,124929022551,1285.2,1282.1,94667.65,0.53,최근3거래일_골든크로스
20261007,KOSDAQ,126640,화신정공,3785,452284,132686619350,3850.0,3839.0,858529.2,0.53,최근3거래일_골든크로스
20261007,KOSDAQ,382900,범한퓨얼셀,25150,144014,220339150000,25170.0,24465.0,270463.05,0.53,최근3거래일_골든크로스
20261007,KOSDAQ,333430,일승,3755,106644,115378934985,3839.0,3796.0,206224.8,0.52,최근3거래일_골든크로스
20261007,KOSPI,084010,대한제강,8940,100737,307282068240,8764.0,8388.0,197836.55,0.51,최근3거래일_골든크로스
20261007,KOSDAQ,243070,휴온스,19390,11847,232285704350,19346.0,19207.0,23408.9,0.51,최근3거래일_골든크로스
20261007,KOSDAQ,053300,한국정보인증,5380,295383,212860485480,5286.0,5185.0,588168.95,0.5,최근3거래일_골든크로스
20261007,KOSPI,108670,LX하우시스,32650,7886,292794425500,33020.0,32945.0,15923.4,0.5,최근3거래일_골든크로스
20261007,KOSPI,073240,금호타이어,6660,660003,1913153511420,6754.0,6749.0,1342572.05,0.49,최근3거래일_골든크로스
20261007,KOSPI,105630,한세실업,8790,20838,351600000000,8718.0,8650.0,42705.3,0.49,최근3거래일_골든크로스
20261007,KOSPI,145990,삼양사,46100,4688,475449998900,46040.0,45960.0,9503.9,0.49,최근3거래일_골든크로스
20261007,KOSPI,460850,동국씨엠,5300,31506,158462876800,5346.0,5328.0,64387.8,0.49,최근3거래일_골든크로스
20261007,KOSDAQ,064260,다날,4530,500110,342673920210,4511.0,4452.0,1057770.45,0.47,최근3거래일_골든크로스
20261007,KOSDAQ,088800,에이스테크,2345,319919,177062587730,2307.0,2248.0,683190.0,0.47,최근3거래일_골든크로스
20261007,KOSDAQ,093640,케이알엠,4760,14047,156336088160,4721.0,4714.0,30020.3,0.47,최근3거래일_골든크로스
20261007,KOSPI,336370,솔루스첨단소재,8880,122398,623485206240,8612.0,8199.0,259940.35,0.47,최근3거래일_골든크로스
20261007,KOSDAQ,314930,바이오다인,6710,10192,199717131130,6798.0,6738.0,22303.4,0.46,최근3거래일_골든크로스
20261007,KOSDAQ,443670,에스피소프트,5210,1249024,125095038440,4984.0,4979.5,2722766.05,0.46,최근3거래일_골든크로스
20261007,KOSDAQ,452280,한선엔지니어링,14300,569567,275241681000,14204.0,13678.0,1259456.3,0.45,최근3거래일_골든크로스
20261007,KOSDAQ,108490,로보티즈,305500,160006,4480777054000,302900.0,298800.0,361620.45,0.44,최근3거래일_골든크로스
20261007,KOSPI,298000,효성화학,52000,7896,197174172000,53140.0,52730.0,18118.7,0.44,최근3거래일_골든크로스
20261007,KOSDAQ,213420,덕산네오룩스,29800,74358,739969134200,29930.0,29530.0,174247.5,0.43,최근3거래일_골든크로스
20261007,KOSDAQ,063570,NICE인프라,3275,5137,111833809200,3296.0,3254.0,12192.35,0.42,최근3거래일_골든크로스
20261007,KOSDAQ,126730,코칩,25000,298208,219253150000,24300.0,23640.0,712715.4,0.42,최근3거래일_골든크로스
20261007,KOSDAQ,179290,엠아이텍,4715,13374,152604171770,4654.0,4601.5,31501.55,0.42,최근3거래일_골든크로스
20261007,KOSPI,285130,SK케미칼,51400,18247,889156572400,51520.0,51230.0,43294.15,0.42,최근3거래일_골든크로스
20261007,KOSDAQ,046970,우리로,8220,2852357,360241491780,8010.0,7838.0,6941244.85,0.41,최근3거래일_골든크로스
20261007,KOSDAQ,049070,인탑스,18740,36710,295010702000,18668.0,18416.0,88714.1,0.41,최근3거래일_골든크로스
20261007,KOSPI,279570,케이뱅크,5420,237155,2198867718420,5422.0,5413.0,573033.65,0.41,최근3거래일_골든크로스
20261007,KOSPI,317400,자이에스앤디,9910,380245,384334773200,9928.0,9863.0,936893.15,0.41,최근3거래일_골든크로스
20261007,KOSPI,006660,삼성공조,13030,124387,105885871420,13048.0,12887.0,309716.65,0.4,최근3거래일_골든크로스
20261007,KOSDAQ,246710,티앤알바이오팹,2230,44731,106291843920,2245.0,2237.5,110506.75,0.4,최근3거래일_골든크로스
20261007,KOSPI,271940,일진하이솔루스,11690,22727,424501191100,11524.0,11282.0,57109.4,0.4,최근3거래일_골든크로스
20261007,KOSDAQ,484810,티엑스알로보틱스,11960,62932,184792943400,12116.0,12066.0,161521.9,0.39,최근3거래일_골든크로스
20261007,KOSPI,016740,두올,4045,32124,115986427080,4004.0,3999.5,84071.0,0.38,최근3거래일_골든크로스
20261007,KOSPI,017670,SK텔레콤,87400,258353,18772650632200,87220.0,87190.0,677497.45,0.38,최근3거래일_골든크로스
20261007,KOSDAQ,064550,바이오니아,8700,217901,224549531700,8600.0,8511.0,571690.75,0.38,최근3거래일_골든크로스
20261007,KOSDAQ,108230,톱텍,3230,113353,122815081350,3253.0,3231.0,305637.15,0.37,최근3거래일_골든크로스
20261007,KOSPI,181710,NHN,56900,73962,1839518108500,56700.0,56430.0,202047.0,0.37,최근3거래일_골든크로스
20261007,KOSPI,005010,휴스틸,3950,260709,221942896250,4048.0,3991.5,750368.6,0.35,최근3거래일_골든크로스
20261007,KOSDAQ,0001A0,덕양에너젠,8640,46018,220051831680,8534.0,8469.0,134337.95,0.34,최근3거래일_골든크로스
20261007,KOSPI,400760,NH올원리츠,2815,31467,154625909125,2807.0,2801.5,93349.45,0.34,최근3거래일_골든크로스
20261007,KOSDAQ,095190,신화프리텍,1847,30065,120536073314,1848.6,1844.2,93053.1,0.32,최근3거래일_골든크로스
20261007,KOSPI,081000,일진다이아,9550,7337,135638411250,9420.0,9350.0,24119.2,0.3,최근3거래일_골든크로스
20261007,KOSPI,448730,삼성FN리츠,5080,32421,462534000000,5030.0,4971.5,110466.15,0.29,최근3거래일_골든크로스
20261007,KOSPI,000480,CR홀딩스,4300,10394,201629107000,4293.0,4290.5,37395.8,0.28,최근3거래일_골든크로스
20261007,KOSDAQ,190510,나무가,15570,61526,219308385690,15766.0,15752.0,221539.55,0.28,최근3거래일_골든크로스
20261007,KOSPI,078000,텔코웨어,13530,498,125018241810,13478.0,13409.0,1875.5,0.27,최근3거래일_골든크로스
20261007,KOSDAQ,459510,나우로보틱스,15710,30199,203890381220,15762.0,15689.0,110775.8,0.27,최근3거래일_골든크로스
20261007,KOSPI,007690,국도화학,38600,3494,357468115200,38280.0,37970.0,14825.55,0.24,최근3거래일_골든크로스
20261007,KOSPI,009580,무림P&P,1761,332900,109830618564,1749.8,1748.6,1578339.5,0.21,최근3거래일_골든크로스
20261007,KOSPI,092790,넥스틸,13730,265899,357007460000,14080.0,13892.0,1322387.6,0.2,최근3거래일_골든크로스
20261007,KOSDAQ,005160,동국산업,3850,609834,208841255700,3737.0,3585.5,3242469.5,0.19,최근3거래일_골든크로스
20261007,KOSDAQ,408920,메쎄이상,3015,2907,130345851825,2964.0,2929.5,17605.1,0.17,최근3거래일_골든크로스
20261007,KOSPI,134380,미원화학,10260,679,225644896800,10192.0,10137.0,4379.05,0.16,최근3거래일_골든크로스
20261007,KOSDAQ,040300,YTN,2260,82842,107749974800,2271.0,2256.5,700593.0,0.12,최근3거래일_골든크로스
20261007,KOSDAQ,121440,골프존홀딩스,7660,5039,328130025880,7722.0,7692.0,43232.6,0.12,최근3거래일_골든크로스
20261007,KOSPI,004090,한국석유,11730,73318,148902027600,11754.0,11693.0,665365.3,0.11,최근3거래일_골든크로스
20261007,KOSPI,014530,극동유화,3400,45300,118556028000,3364.0,3342.5,486005.05,0.09,최근3거래일_골든크로스
20261007,KOSDAQ,053260,금강철강,6880,305855,128793600000,7346.0,7186.0,3792749.8,0.08,최근3거래일_골든크로스
20261007,KOSDAQ,051980,중앙첨단소재,10000,57741,111091700000,6462.0,3748.5,853298.65,0.07,최근3거래일_골든크로스
20261007,KOSDAQ,457550,우진엔텍,14130,0,131676876540,14038.0,14004.0,77623.5,0.0,최근3거래일_골든크로스
