BAS_DD,MARKET,ISU_CD,ISU_NM,grade,score,TDD_CLSPRC,MKTCAP,VOLUME_RATIO,RETURN_20D_PCT,revenue_yoy_pct,operating_profit_yoy_pct,debt_ratio_pct,per_annual_est,pbr_yearend_est,roe_avg_equity_est_pct,fundamentals_year,foreign_institution_flow,grade_basis
20261007,KOSDAQ,259630,엠플러스,A,13,10330,126257350680,2.251,9.544,43.08,143.43,136.71,6.12,1.24,22.12,2025,not_connected,preliminary_annual_2025_vs_2024_unverified_flow
20261007,KOSDAQ,260970,에스앤디,A,12,62900,181954226600,2.177,16.481,29.96,14.37,26.28,8.83,2.11,26.71,2025,not_connected,preliminary_annual_2025_vs_2024_unverified_flow
20261007,KOSPI,008930,한미사이언스,A,11,58100,3973549055000,2.786,10.038,5.73,40.32,55.24,33.76,4.14,13.09,2025,not_connected,preliminary_annual_2025_vs_2024_unverified_flow
20261007,KOSDAQ,131030,옵투스제약,A,11,6420,113291107800,3.196,12.238,6.42,3.35,15.79,9.97,0.69,7.36,2025,not_connected,preliminary_annual_2025_vs_2024_unverified_flow
20261007,KOSDAQ,136540,윈스테크넷,A,11,11000,135077206000,2.154,1.382,2.2,4.0,13.38,7.34,0.73,10.06,2025,not_connected,preliminary_annual_2025_vs_2024_unverified_flow
20261007,KOSPI,226320,잇츠한불,A,11,11760,257888744400,4.6,10.839,7.69,7.44,5.81,7.91,0.51,6.56,2025,not_connected,preliminary_annual_2025_vs_2024_unverified_flow
20261007,KOSPI,012750,에스원,B,10,83800,3184331116400,2.085,5.808,3.02,12.1,38.47,17.83,1.81,10.45,2025,not_connected,preliminary_annual_2025_vs_2024_unverified_flow
20261007,KOSDAQ,053610,프로텍,B,10,80700,726300000000,2.324,34.5,35.38,244.46,25.06,20.53,2.05,10.45,2025,not_connected,preliminary_annual_2025_vs_2024_unverified_flow
20261007,KOSDAQ,053800,안랩,B,10,77700,864529516200,2.116,34.662,2.72,20.21,29.58,16.79,2.3,13.82,2025,not_connected,preliminary_annual_2025_vs_2024_unverified_flow
